===== STATUS Wed Jun 24 14:51:41 MDT 2026 =====
runner_pid=3366595
runner=RUNNING
processes:
3366595       00:58  0.0  0.0 bash logs/run_03_rf_true_labels_bg.sh
3366601       00:58  1.9  0.0 python3.11 /home/marc/Documents/pivlab/clamp-analyses/.conda/envs/clamp-analyses/bin/jupyter-nbconvert --to notebook --execute --inplace --ExecutePreprocessor.timeout=-1 nbs/03_model_biology/01_gtex/03_rf_true_labels/00_LV_importance_true_labels.ipynb
3366604       00:57 52.0  1.0 /home/marc/Documents/pivlab/clamp-analyses/.conda/envs/clamp-analyses/bin/python -m ipykernel_launcher -f /tmp/tmp5q69_ol4.json --HistoryManager.hist_file=:memory:
3366809       00:34 99.9  0.1 /home/marc/Documents/pivlab/clamp-analyses/.conda/envs/clamp-analyses/bin/python -m joblib.externals.loky.backend.popen_loky_posix --process-name LokyProcess-1 --pipe 80
3366810       00:34 99.9  0.1 /home/marc/Documents/pivlab/clamp-analyses/.conda/envs/clamp-analyses/bin/python -m joblib.externals.loky.backend.popen_loky_posix --process-name LokyProcess-2 --pipe 81
3366811       00:34 99.7  0.1 /home/marc/Documents/pivlab/clamp-analyses/.conda/envs/clamp-analyses/bin/python -m joblib.externals.loky.backend.popen_loky_posix --process-name LokyProcess-3 --pipe 82
3366812       00:34 99.8  0.1 /home/marc/Documents/pivlab/clamp-analyses/.conda/envs/clamp-analyses/bin/python -m joblib.externals.loky.backend.popen_loky_posix --process-name LokyProcess-4 --pipe 83
3366813       00:34 99.8  0.1 /home/marc/Documents/pivlab/clamp-analyses/.conda/envs/clamp-analyses/bin/python -m joblib.externals.loky.backend.popen_loky_posix --process-name LokyProcess-5 --pipe 84
3366814       00:34 99.7  0.1 /home/marc/Documents/pivlab/clamp-analyses/.conda/envs/clamp-analyses/bin/python -m joblib.externals.loky.backend.popen_loky_posix --process-name LokyProcess-6 --pipe 85
3366815       00:34 99.7  0.1 /home/marc/Documents/pivlab/clamp-analyses/.conda/envs/clamp-analyses/bin/python -m joblib.externals.loky.backend.popen_loky_posix --process-name LokyProcess-7 --pipe 86
3366816       00:34 99.8  0.1 /home/marc/Documents/pivlab/clamp-analyses/.conda/envs/clamp-analyses/bin/python -m joblib.externals.loky.backend.popen_loky_posix --process-name LokyProcess-8 --pipe 87
3366817       00:34 99.7  0.1 /home/marc/Documents/pivlab/clamp-analyses/.conda/envs/clamp-analyses/bin/python -m joblib.externals.loky.backend.popen_loky_posix --process-name LokyProcess-9 --pipe 88
3366818       00:34 99.9  0.1 /home/marc/Documents/pivlab/clamp-analyses/.conda/envs/clamp-analyses/bin/python -m joblib.externals.loky.backend.popen_loky_posix --process-name LokyProcess-10 --pipe 89
3366819       00:34 99.6  0.1 /home/marc/Documents/pivlab/clamp-analyses/.conda/envs/clamp-analyses/bin/python -m joblib.externals.loky.backend.popen_loky_posix --process-name LokyProcess-11 --pipe 90
3366820       00:34 99.9  0.1 /home/marc/Documents/pivlab/clamp-analyses/.conda/envs/clamp-analyses/bin/python -m joblib.externals.loky.backend.popen_loky_posix --process-name LokyProcess-12 --pipe 91
3366821       00:34 99.7  0.1 /home/marc/Documents/pivlab/clamp-analyses/.conda/envs/clamp-analyses/bin/python -m joblib.externals.loky.backend.popen_loky_posix --process-name LokyProcess-13 --pipe 92
3366822       00:34 99.6  0.1 /home/marc/Documents/pivlab/clamp-analyses/.conda/envs/clamp-analyses/bin/python -m joblib.externals.loky.backend.popen_loky_posix --process-name LokyProcess-14 --pipe 93
3366823       00:34 98.5  0.1 /home/marc/Documents/pivlab/clamp-analyses/.conda/envs/clamp-analyses/bin/python -m joblib.externals.loky.backend.popen_loky_posix --process-name LokyProcess-15 --pipe 94
3366824       00:34 99.6  0.1 /home/marc/Documents/pivlab/clamp-analyses/.conda/envs/clamp-analyses/bin/python -m joblib.externals.loky.backend.popen_loky_posix --process-name LokyProcess-16 --pipe 95
3366825       00:34 99.4  0.1 /home/marc/Documents/pivlab/clamp-analyses/.conda/envs/clamp-analyses/bin/python -m joblib.externals.loky.backend.popen_loky_posix --process-name LokyProcess-17 --pipe 96
3366826       00:34 99.5  0.1 /home/marc/Documents/pivlab/clamp-analyses/.conda/envs/clamp-analyses/bin/python -m joblib.externals.loky.backend.popen_loky_posix --process-name LokyProcess-18 --pipe 97
3366827       00:34 99.7  0.1 /home/marc/Documents/pivlab/clamp-analyses/.conda/envs/clamp-analyses/bin/python -m joblib.externals.loky.backend.popen_loky_posix --process-name LokyProcess-19 --pipe 98
3366828       00:34 99.3  0.1 /home/marc/Documents/pivlab/clamp-analyses/.conda/envs/clamp-analyses/bin/python -m joblib.externals.loky.backend.popen_loky_posix --process-name LokyProcess-20 --pipe 99
3366829       00:34 75.4  0.0 /home/marc/Documents/pivlab/clamp-analyses/.conda/envs/clamp-analyses/bin/python -m joblib.externals.loky.backend.popen_loky_posix --process-name LokyProcess-21 --pipe 100
3366830       00:34 99.8  0.1 /home/marc/Documents/pivlab/clamp-analyses/.conda/envs/clamp-analyses/bin/python -m joblib.externals.loky.backend.popen_loky_posix --process-name LokyProcess-22 --pipe 101
3366831       00:34 99.7  0.1 /home/marc/Documents/pivlab/clamp-analyses/.conda/envs/clamp-analyses/bin/python -m joblib.externals.loky.backend.popen_loky_posix --process-name LokyProcess-23 --pipe 102
3366832       00:34 99.1  0.1 /home/marc/Documents/pivlab/clamp-analyses/.conda/envs/clamp-analyses/bin/python -m joblib.externals.loky.backend.popen_loky_posix --process-name LokyProcess-24 --pipe 103
3366833       00:34 99.5  0.1 /home/marc/Documents/pivlab/clamp-analyses/.conda/envs/clamp-analyses/bin/python -m joblib.externals.loky.backend.popen_loky_posix --process-name LokyProcess-25 --pipe 104
3366834       00:34 99.5  0.1 /home/marc/Documents/pivlab/clamp-analyses/.conda/envs/clamp-analyses/bin/python -m joblib.externals.loky.backend.popen_loky_posix --process-name LokyProcess-26 --pipe 105
3366835       00:34 74.9  0.0 /home/marc/Documents/pivlab/clamp-analyses/.conda/envs/clamp-analyses/bin/python -m joblib.externals.loky.backend.popen_loky_posix --process-name LokyProcess-27 --pipe 106
3366836       00:34 99.5  0.1 /home/marc/Documents/pivlab/clamp-analyses/.conda/envs/clamp-analyses/bin/python -m joblib.externals.loky.backend.popen_loky_posix --process-name LokyProcess-28 --pipe 107
3366837       00:34 92.8  0.0 /home/marc/Documents/pivlab/clamp-analyses/.conda/envs/clamp-analyses/bin/python -m joblib.externals.loky.backend.popen_loky_posix --process-name LokyProcess-29 --pipe 108
3366838       00:34 99.2  0.1 /home/marc/Documents/pivlab/clamp-analyses/.conda/envs/clamp-analyses/bin/python -m joblib.externals.loky.backend.popen_loky_posix --process-name LokyProcess-30 --pipe 109
3366839       00:34 99.4  0.1 /home/marc/Documents/pivlab/clamp-analyses/.conda/envs/clamp-analyses/bin/python -m joblib.externals.loky.backend.popen_loky_posix --process-name LokyProcess-31 --pipe 110
3366840       00:34 98.9  0.1 /home/marc/Documents/pivlab/clamp-analyses/.conda/envs/clamp-analyses/bin/python -m joblib.externals.loky.backend.popen_loky_posix --process-name LokyProcess-32 --pipe 111
3366841       00:34 74.6  0.0 /home/marc/Documents/pivlab/clamp-analyses/.conda/envs/clamp-analyses/bin/python -m joblib.externals.loky.backend.popen_loky_posix --process-name LokyProcess-33 --pipe 112
3366842       00:34 99.5  0.1 /home/marc/Documents/pivlab/clamp-analyses/.conda/envs/clamp-analyses/bin/python -m joblib.externals.loky.backend.popen_loky_posix --process-name LokyProcess-34 --pipe 113
3366843       00:34 75.0  0.0 /home/marc/Documents/pivlab/clamp-analyses/.conda/envs/clamp-analyses/bin/python -m joblib.externals.loky.backend.popen_loky_posix --process-name LokyProcess-35 --pipe 114
3366844       00:34 99.4  0.1 /home/marc/Documents/pivlab/clamp-analyses/.conda/envs/clamp-analyses/bin/python -m joblib.externals.loky.backend.popen_loky_posix --process-name LokyProcess-36 --pipe 115
3366845       00:34 99.1  0.1 /home/marc/Documents/pivlab/clamp-analyses/.conda/envs/clamp-analyses/bin/python -m joblib.externals.loky.backend.popen_loky_posix --process-name LokyProcess-37 --pipe 116
3366846       00:34 99.4  0.1 /home/marc/Documents/pivlab/clamp-analyses/.conda/envs/clamp-analyses/bin/python -m joblib.externals.loky.backend.popen_loky_posix --process-name LokyProcess-38 --pipe 117
3366847       00:34 99.1  0.1 /home/marc/Documents/pivlab/clamp-analyses/.conda/envs/clamp-analyses/bin/python -m joblib.externals.loky.backend.popen_loky_posix --process-name LokyProcess-39 --pipe 118
3366848       00:34 99.4  0.1 /home/marc/Documents/pivlab/clamp-analyses/.conda/envs/clamp-analyses/bin/python -m joblib.externals.loky.backend.popen_loky_posix --process-name LokyProcess-40 --pipe 119
3366849       00:34 99.2  0.1 /home/marc/Documents/pivlab/clamp-analyses/.conda/envs/clamp-analyses/bin/python -m joblib.externals.loky.backend.popen_loky_posix --process-name LokyProcess-41 --pipe 120
3366850       00:34 99.3  0.1 /home/marc/Documents/pivlab/clamp-analyses/.conda/envs/clamp-analyses/bin/python -m joblib.externals.loky.backend.popen_loky_posix --process-name LokyProcess-42 --pipe 121
3366851       00:34 99.2  0.1 /home/marc/Documents/pivlab/clamp-analyses/.conda/envs/clamp-analyses/bin/python -m joblib.externals.loky.backend.popen_loky_posix --process-name LokyProcess-43 --pipe 122
3366852       00:34 72.6  0.0 /home/marc/Documents/pivlab/clamp-analyses/.conda/envs/clamp-analyses/bin/python -m joblib.externals.loky.backend.popen_loky_posix --process-name LokyProcess-44 --pipe 123
3366853       00:34 99.2  0.1 /home/marc/Documents/pivlab/clamp-analyses/.conda/envs/clamp-analyses/bin/python -m joblib.externals.loky.backend.popen_loky_posix --process-name LokyProcess-45 --pipe 124
3366854       00:34 96.5  0.1 /home/marc/Documents/pivlab/clamp-analyses/.conda/envs/clamp-analyses/bin/python -m joblib.externals.loky.backend.popen_loky_posix --process-name LokyProcess-46 --pipe 125
3366855       00:34 99.5  0.1 /home/marc/Documents/pivlab/clamp-analyses/.conda/envs/clamp-analyses/bin/python -m joblib.externals.loky.backend.popen_loky_posix --process-name LokyProcess-47 --pipe 126
3366856       00:34 71.3  0.0 /home/marc/Documents/pivlab/clamp-analyses/.conda/envs/clamp-analyses/bin/python -m joblib.externals.loky.backend.popen_loky_posix --process-name LokyProcess-48 --pipe 127
log_markers:
===== START nbs/03_model_biology/01_gtex/03_rf_true_labels/00_LV_importance_true_labels.ipynb Wed Jun 24 14:50:43 MDT 2026 =====
output_counts:
1
output/03_model_biology/01_gtex/03_rf_true_labels/01_LV_importance_true_labels_biology/phenomexcan_simplified_phenotypes_info.tsv.gz

===== MANUAL STATUS Wed Jun 24 14:52:08 MDT 2026 =====
===== STATUS Wed Jun 24 14:52:08 MDT 2026 =====
monitor_pid=3367088
runner_pid=3366595
runner_pid=3366595
runner=RUNNING
processes:
runner=RUNNING
processes:
3366595       01:25  0.0  0.0 bash logs/run_03_rf_true_labels_bg.sh
3366601       01:25  1.3  0.0 python3.11 /home/marc/Documents/pivlab/clamp-analyses/.conda/envs/clamp-analyses/bin/jupyter-nbconvert --to notebook --execute --inplace --ExecutePreprocessor.timeout=-1 nbs/03_model_biology/01_gtex/03_rf_true_labels/00_LV_importance_true_labels.ipynb
3366604       01:24 35.3  1.0 /home/marc/Documents/pivlab/clamp-analyses/.conda/envs/clamp-analyses/bin/python -m ipykernel_launcher -f /tmp/tmp5q69_ol4.json --HistoryManager.hist_file=:memory:
3366809       01:02 99.9  0.1 /home/marc/Documents/pivlab/clamp-analyses/.conda/envs/clamp-analyses/bin/python -m joblib.externals.loky.backend.popen_loky_posix --process-name LokyProcess-1 --pipe 80
3366810       01:02 99.9  0.1 /home/marc/Documents/pivlab/clamp-analyses/.conda/envs/clamp-analyses/bin/python -m joblib.externals.loky.backend.popen_loky_posix --process-name LokyProcess-2 --pipe 81
3366811       01:02 81.0  0.1 /home/marc/Documents/pivlab/clamp-analyses/.conda/envs/clamp-analyses/bin/python -m joblib.externals.loky.backend.popen_loky_posix --process-name LokyProcess-3 --pipe 82
3366812       01:02 78.1  0.1 /home/marc/Documents/pivlab/clamp-analyses/.conda/envs/clamp-analyses/bin/python -m joblib.externals.loky.backend.popen_loky_posix --process-name LokyProcess-4 --pipe 83
3366813       01:02 99.9  0.1 /home/marc/Documents/pivlab/clamp-analyses/.conda/envs/clamp-analyses/bin/python -m joblib.externals.loky.backend.popen_loky_posix --process-name LokyProcess-5 --pipe 84
3366814       01:02 99.8  0.1 /home/marc/Documents/pivlab/clamp-analyses/.conda/envs/clamp-analyses/bin/python -m joblib.externals.loky.backend.popen_loky_posix --process-name LokyProcess-6 --pipe 85
3366815       01:02 66.2  0.0 /home/marc/Documents/pivlab/clamp-analyses/.conda/envs/clamp-analyses/bin/python -m joblib.externals.loky.backend.popen_loky_posix --process-name LokyProcess-7 --pipe 86
3366816       01:02 66.6  0.1 /home/marc/Documents/pivlab/clamp-analyses/.conda/envs/clamp-analyses/bin/python -m joblib.externals.loky.backend.popen_loky_posix --process-name LokyProcess-8 --pipe 87
3366817       01:02 64.8  0.0 /home/marc/Documents/pivlab/clamp-analyses/.conda/envs/clamp-analyses/bin/python -m joblib.externals.loky.backend.popen_loky_posix --process-name LokyProcess-9 --pipe 88
3366818       01:02 99.9  0.1 /home/marc/Documents/pivlab/clamp-analyses/.conda/envs/clamp-analyses/bin/python -m joblib.externals.loky.backend.popen_loky_posix --process-name LokyProcess-10 --pipe 89
3366819       01:02 99.7  0.1 /home/marc/Documents/pivlab/clamp-analyses/.conda/envs/clamp-analyses/bin/python -m joblib.externals.loky.backend.popen_loky_posix --process-name LokyProcess-11 --pipe 90
3366820       01:02 99.9  0.1 /home/marc/Documents/pivlab/clamp-analyses/.conda/envs/clamp-analyses/bin/python -m joblib.externals.loky.backend.popen_loky_posix --process-name LokyProcess-12 --pipe 91
3366821       01:02 62.4  0.0 /home/marc/Documents/pivlab/clamp-analyses/.conda/envs/clamp-analyses/bin/python -m joblib.externals.loky.backend.popen_loky_posix --process-name LokyProcess-13 --pipe 92
3366822       01:02 99.8  0.1 /home/marc/Documents/pivlab/clamp-analyses/.conda/envs/clamp-analyses/bin/python -m joblib.externals.loky.backend.popen_loky_posix --process-name LokyProcess-14 --pipe 93
3366823       01:02 76.5  0.0 /home/marc/Documents/pivlab/clamp-analyses/.conda/envs/clamp-analyses/bin/python -m joblib.externals.loky.backend.popen_loky_posix --process-name LokyProcess-15 --pipe 94
3366824       01:02 99.8  0.1 /home/marc/Documents/pivlab/clamp-analyses/.conda/envs/clamp-analyses/bin/python -m joblib.externals.loky.backend.popen_loky_posix --process-name LokyProcess-16 --pipe 95
3366825       01:02 99.6  0.1 /home/marc/Documents/pivlab/clamp-analyses/.conda/envs/clamp-analyses/bin/python -m joblib.externals.loky.backend.popen_loky_posix --process-name LokyProcess-17 --pipe 96
3366826       01:02 99.7  0.1 /home/marc/Documents/pivlab/clamp-analyses/.conda/envs/clamp-analyses/bin/python -m joblib.externals.loky.backend.popen_loky_posix --process-name LokyProcess-18 --pipe 97
3366827       01:02 99.8  0.1 /home/marc/Documents/pivlab/clamp-analyses/.conda/envs/clamp-analyses/bin/python -m joblib.externals.loky.backend.popen_loky_posix --process-name LokyProcess-19 --pipe 98
3366828       01:02 99.6  0.1 /home/marc/Documents/pivlab/clamp-analyses/.conda/envs/clamp-analyses/bin/python -m joblib.externals.loky.backend.popen_loky_posix --process-name LokyProcess-20 --pipe 99
3366829       01:02 42.3  0.0 /home/marc/Documents/pivlab/clamp-analyses/.conda/envs/clamp-analyses/bin/python -m joblib.externals.loky.backend.popen_loky_posix --process-name LokyProcess-21 --pipe 100
3366830       01:02 82.5  0.1 /home/marc/Documents/pivlab/clamp-analyses/.conda/envs/clamp-analyses/bin/python -m joblib.externals.loky.backend.popen_loky_posix --process-name LokyProcess-22 --pipe 101
3366831       01:02 67.0  0.0 /home/marc/Documents/pivlab/clamp-analyses/.conda/envs/clamp-analyses/bin/python -m joblib.externals.loky.backend.popen_loky_posix --process-name LokyProcess-23 --pipe 102
3366832       01:02 77.3  0.1 /home/marc/Documents/pivlab/clamp-analyses/.conda/envs/clamp-analyses/bin/python -m joblib.externals.loky.backend.popen_loky_posix --process-name LokyProcess-24 --pipe 103
3366833       01:02 66.7  0.1 /home/marc/Documents/pivlab/clamp-analyses/.conda/envs/clamp-analyses/bin/python -m joblib.externals.loky.backend.popen_loky_posix --process-name LokyProcess-25 --pipe 104
3366834       01:02 99.7  0.1 /home/marc/Documents/pivlab/clamp-analyses/.conda/envs/clamp-analyses/bin/python -m joblib.externals.loky.backend.popen_loky_posix --process-name LokyProcess-26 --pipe 105
3366835       01:02 42.0  0.0 /home/marc/Documents/pivlab/clamp-analyses/.conda/envs/clamp-analyses/bin/python -m joblib.externals.loky.backend.popen_loky_posix --process-name LokyProcess-27 --pipe 106
3366836       01:02 67.1  0.0 /home/marc/Documents/pivlab/clamp-analyses/.conda/envs/clamp-analyses/bin/python -m joblib.externals.loky.backend.popen_loky_posix --process-name LokyProcess-28 --pipe 107
3366837       01:02 52.1  0.0 /home/marc/Documents/pivlab/clamp-analyses/.conda/envs/clamp-analyses/bin/python -m joblib.externals.loky.backend.popen_loky_posix --process-name LokyProcess-29 --pipe 108
3366838       01:02 99.5  0.1 /home/marc/Documents/pivlab/clamp-analyses/.conda/envs/clamp-analyses/bin/python -m joblib.externals.loky.backend.popen_loky_posix --process-name LokyProcess-30 --pipe 109
3366839       01:02 99.6  0.1 /home/marc/Documents/pivlab/clamp-analyses/.conda/envs/clamp-analyses/bin/python -m joblib.externals.loky.backend.popen_loky_posix --process-name LokyProcess-31 --pipe 110
3366840       01:02 99.4  0.1 /home/marc/Documents/pivlab/clamp-analyses/.conda/envs/clamp-analyses/bin/python -m joblib.externals.loky.backend.popen_loky_posix --process-name LokyProcess-32 --pipe 111
3366841       01:02 41.9  0.0 /home/marc/Documents/pivlab/clamp-analyses/.conda/envs/clamp-analyses/bin/python -m joblib.externals.loky.backend.popen_loky_posix --process-name LokyProcess-33 --pipe 112
3366842       01:02 99.7  0.1 /home/marc/Documents/pivlab/clamp-analyses/.conda/envs/clamp-analyses/bin/python -m joblib.externals.loky.backend.popen_loky_posix --process-name LokyProcess-34 --pipe 113
3366843       01:02 42.1  0.0 /home/marc/Documents/pivlab/clamp-analyses/.conda/envs/clamp-analyses/bin/python -m joblib.externals.loky.backend.popen_loky_posix --process-name LokyProcess-35 --pipe 114
3366844       01:02 99.6  0.1 /home/marc/Documents/pivlab/clamp-analyses/.conda/envs/clamp-analyses/bin/python -m joblib.externals.loky.backend.popen_loky_posix --process-name LokyProcess-36 --pipe 115
3366845       01:02 99.5  0.1 /home/marc/Documents/pivlab/clamp-analyses/.conda/envs/clamp-analyses/bin/python -m joblib.externals.loky.backend.popen_loky_posix --process-name LokyProcess-37 --pipe 116
3366846       01:02 65.8  0.1 /home/marc/Documents/pivlab/clamp-analyses/.conda/envs/clamp-analyses/bin/python -m joblib.externals.loky.backend.popen_loky_posix --process-name LokyProcess-38 --pipe 117
3366847       01:02 79.2  0.0 /home/marc/Documents/pivlab/clamp-analyses/.conda/envs/clamp-analyses/bin/python -m joblib.externals.loky.backend.popen_loky_posix --process-name LokyProcess-39 --pipe 118
3366848       01:02 99.6  0.1 /home/marc/Documents/pivlab/clamp-analyses/.conda/envs/clamp-analyses/bin/python -m joblib.externals.loky.backend.popen_loky_posix --process-name LokyProcess-40 --pipe 119
3366849       01:02 99.5  0.1 /home/marc/Documents/pivlab/clamp-analyses/.conda/envs/clamp-analyses/bin/python -m joblib.externals.loky.backend.popen_loky_posix --process-name LokyProcess-41 --pipe 120
3366850       01:02 99.6  0.1 /home/marc/Documents/pivlab/clamp-analyses/.conda/envs/clamp-analyses/bin/python -m joblib.externals.loky.backend.popen_loky_posix --process-name LokyProcess-42 --pipe 121
3366851       01:02 99.5  0.1 /home/marc/Documents/pivlab/clamp-analyses/.conda/envs/clamp-analyses/bin/python -m joblib.externals.loky.backend.popen_loky_posix --process-name LokyProcess-43 --pipe 122
3366852       01:02 40.7  0.0 /home/marc/Documents/pivlab/clamp-analyses/.conda/envs/clamp-analyses/bin/python -m joblib.externals.loky.backend.popen_loky_posix --process-name LokyProcess-44 --pipe 123
3366853       01:02 80.7  0.1 /home/marc/Documents/pivlab/clamp-analyses/.conda/envs/clamp-analyses/bin/python -m joblib.externals.loky.backend.popen_loky_posix --process-name LokyProcess-45 --pipe 124
3366854       01:02 54.1  0.1 /home/marc/Documents/pivlab/clamp-analyses/.conda/envs/clamp-analyses/bin/python -m joblib.externals.loky.backend.popen_loky_posix --process-name LokyProcess-46 --pipe 125
3366855       01:02 99.7  0.1 /home/marc/Documents/pivlab/clamp-analyses/.conda/envs/clamp-analyses/bin/python -m joblib.externals.loky.backend.popen_loky_posix --process-name LokyProcess-47 --pipe 126
3366856       01:02 40.0  0.0 /home/marc/Documents/pivlab/clamp-analyses/.conda/envs/clamp-analyses/bin/python -m joblib.externals.loky.backend.popen_loky_posix --process-name LokyProcess-48 --pipe 127
log_markers:
3366595       01:25  0.0  0.0 bash logs/run_03_rf_true_labels_bg.sh
3366601       01:25  1.3  0.0 python3.11 /home/marc/Documents/pivlab/clamp-analyses/.conda/envs/clamp-analyses/bin/jupyter-nbconvert --to notebook --execute --inplace --ExecutePreprocessor.timeout=-1 nbs/03_model_biology/01_gtex/03_rf_true_labels/00_LV_importance_true_labels.ipynb
3366604       01:24 35.3  1.0 /home/marc/Documents/pivlab/clamp-analyses/.conda/envs/clamp-analyses/bin/python -m ipykernel_launcher -f /tmp/tmp5q69_ol4.json --HistoryManager.hist_file=:memory:
3366809       01:02 99.9  0.1 /home/marc/Documents/pivlab/clamp-analyses/.conda/envs/clamp-analyses/bin/python -m joblib.externals.loky.backend.popen_loky_posix --process-name LokyProcess-1 --pipe 80
3366810       01:02 99.9  0.1 /home/marc/Documents/pivlab/clamp-analyses/.conda/envs/clamp-analyses/bin/python -m joblib.externals.loky.backend.popen_loky_posix --process-name LokyProcess-2 --pipe 81
3366811       01:02 81.0  0.1 /home/marc/Documents/pivlab/clamp-analyses/.conda/envs/clamp-analyses/bin/python -m joblib.externals.loky.backend.popen_loky_posix --process-name LokyProcess-3 --pipe 82
3366812       01:02 78.1  0.1 /home/marc/Documents/pivlab/clamp-analyses/.conda/envs/clamp-analyses/bin/python -m joblib.externals.loky.backend.popen_loky_posix --process-name LokyProcess-4 --pipe 83
3366813       01:02 99.9  0.1 /home/marc/Documents/pivlab/clamp-analyses/.conda/envs/clamp-analyses/bin/python -m joblib.externals.loky.backend.popen_loky_posix --process-name LokyProcess-5 --pipe 84
3366814       01:02 99.9  0.1 /home/marc/Documents/pivlab/clamp-analyses/.conda/envs/clamp-analyses/bin/python -m joblib.externals.loky.backend.popen_loky_posix --process-name LokyProcess-6 --pipe 85
3366815       01:02 66.2  0.0 /home/marc/Documents/pivlab/clamp-analyses/.conda/envs/clamp-analyses/bin/python -m joblib.externals.loky.backend.popen_loky_posix --process-name LokyProcess-7 --pipe 86
3366816       01:02 66.6  0.1 /home/marc/Documents/pivlab/clamp-analyses/.conda/envs/clamp-analyses/bin/python -m joblib.externals.loky.backend.popen_loky_posix --process-name LokyProcess-8 --pipe 87
3366817       01:02 64.8  0.0 /home/marc/Documents/pivlab/clamp-analyses/.conda/envs/clamp-analyses/bin/python -m joblib.externals.loky.backend.popen_loky_posix --process-name LokyProcess-9 --pipe 88
3366818       01:02 99.9  0.1 /home/marc/Documents/pivlab/clamp-analyses/.conda/envs/clamp-analyses/bin/python -m joblib.externals.loky.backend.popen_loky_posix --process-name LokyProcess-10 --pipe 89
3366819       01:02 99.7  0.1 /home/marc/Documents/pivlab/clamp-analyses/.conda/envs/clamp-analyses/bin/python -m joblib.externals.loky.backend.popen_loky_posix --process-name LokyProcess-11 --pipe 90
3366820       01:02 99.9  0.1 /home/marc/Documents/pivlab/clamp-analyses/.conda/envs/clamp-analyses/bin/python -m joblib.externals.loky.backend.popen_loky_posix --process-name LokyProcess-12 --pipe 91
3366821       01:02 62.4  0.0 /home/marc/Documents/pivlab/clamp-analyses/.conda/envs/clamp-analyses/bin/python -m joblib.externals.loky.backend.popen_loky_posix --process-name LokyProcess-13 --pipe 92
3366822       01:02 99.8  0.1 /home/marc/Documents/pivlab/clamp-analyses/.conda/envs/clamp-analyses/bin/python -m joblib.externals.loky.backend.popen_loky_posix --process-name LokyProcess-14 --pipe 93
3366823       01:02 76.5  0.0 /home/marc/Documents/pivlab/clamp-analyses/.conda/envs/clamp-analyses/bin/python -m joblib.externals.loky.backend.popen_loky_posix --process-name LokyProcess-15 --pipe 94
3366824       01:02 99.8  0.1 /home/marc/Documents/pivlab/clamp-analyses/.conda/envs/clamp-analyses/bin/python -m joblib.externals.loky.backend.popen_loky_posix --process-name LokyProcess-16 --pipe 95
3366825       01:02 99.6  0.1 /home/marc/Documents/pivlab/clamp-analyses/.conda/envs/clamp-analyses/bin/python -m joblib.externals.loky.backend.popen_loky_posix --process-name LokyProcess-17 --pipe 96
3366826       01:02 99.7  0.1 /home/marc/Documents/pivlab/clamp-analyses/.conda/envs/clamp-analyses/bin/python -m joblib.externals.loky.backend.popen_loky_posix --process-name LokyProcess-18 --pipe 97
3366827       01:02 99.8  0.1 /home/marc/Documents/pivlab/clamp-analyses/.conda/envs/clamp-analyses/bin/python -m joblib.externals.loky.backend.popen_loky_posix --process-name LokyProcess-19 --pipe 98
3366828       01:02 99.6  0.1 /home/marc/Documents/pivlab/clamp-analyses/.conda/envs/clamp-analyses/bin/python -m joblib.externals.loky.backend.popen_loky_posix --process-name LokyProcess-20 --pipe 99
3366829       01:02 42.3  0.0 /home/marc/Documents/pivlab/clamp-analyses/.conda/envs/clamp-analyses/bin/python -m joblib.externals.loky.backend.popen_loky_posix --process-name LokyProcess-21 --pipe 100
3366830       01:02 82.5  0.1 /home/marc/Documents/pivlab/clamp-analyses/.conda/envs/clamp-analyses/bin/python -m joblib.externals.loky.backend.popen_loky_posix --process-name LokyProcess-22 --pipe 101
3366831       01:02 67.0  0.0 /home/marc/Documents/pivlab/clamp-analyses/.conda/envs/clamp-analyses/bin/python -m joblib.externals.loky.backend.popen_loky_posix --process-name LokyProcess-23 --pipe 102
3366832       01:02 77.3  0.1 /home/marc/Documents/pivlab/clamp-analyses/.conda/envs/clamp-analyses/bin/python -m joblib.externals.loky.backend.popen_loky_posix --process-name LokyProcess-24 --pipe 103
3366833       01:02 66.7  0.1 /home/marc/Documents/pivlab/clamp-analyses/.conda/envs/clamp-analyses/bin/python -m joblib.externals.loky.backend.popen_loky_posix --process-name LokyProcess-25 --pipe 104
3366834       01:02 99.7  0.1 /home/marc/Documents/pivlab/clamp-analyses/.conda/envs/clamp-analyses/bin/python -m joblib.externals.loky.backend.popen_loky_posix --process-name LokyProcess-26 --pipe 105
3366835       01:02 42.0  0.0 /home/marc/Documents/pivlab/clamp-analyses/.conda/envs/clamp-analyses/bin/python -m joblib.externals.loky.backend.popen_loky_posix --process-name LokyProcess-27 --pipe 106
3366836       01:02 67.1  0.0 /home/marc/Documents/pivlab/clamp-analyses/.conda/envs/clamp-analyses/bin/python -m joblib.externals.loky.backend.popen_loky_posix --process-name LokyProcess-28 --pipe 107
3366837       01:02 52.1  0.0 /home/marc/Documents/pivlab/clamp-analyses/.conda/envs/clamp-analyses/bin/python -m joblib.externals.loky.backend.popen_loky_posix --process-name LokyProcess-29 --pipe 108
3366838       01:02 99.5  0.1 /home/marc/Documents/pivlab/clamp-analyses/.conda/envs/clamp-analyses/bin/python -m joblib.externals.loky.backend.popen_loky_posix --process-name LokyProcess-30 --pipe 109
3366839       01:02 99.6  0.1 /home/marc/Documents/pivlab/clamp-analyses/.conda/envs/clamp-analyses/bin/python -m joblib.externals.loky.backend.popen_loky_posix --process-name LokyProcess-31 --pipe 110
3366840       01:02 99.4  0.1 /home/marc/Documents/pivlab/clamp-analyses/.conda/envs/clamp-analyses/bin/python -m joblib.externals.loky.backend.popen_loky_posix --process-name LokyProcess-32 --pipe 111
3366841       01:02 41.9  0.0 /home/marc/Documents/pivlab/clamp-analyses/.conda/envs/clamp-analyses/bin/python -m joblib.externals.loky.backend.popen_loky_posix --process-name LokyProcess-33 --pipe 112
3366842       01:02 99.7  0.1 /home/marc/Documents/pivlab/clamp-analyses/.conda/envs/clamp-analyses/bin/python -m joblib.externals.loky.backend.popen_loky_posix --process-name LokyProcess-34 --pipe 113
3366843       01:02 42.1  0.0 /home/marc/Documents/pivlab/clamp-analyses/.conda/envs/clamp-analyses/bin/python -m joblib.externals.loky.backend.popen_loky_posix --process-name LokyProcess-35 --pipe 114
3366844       01:02 99.6  0.1 /home/marc/Documents/pivlab/clamp-analyses/.conda/envs/clamp-analyses/bin/python -m joblib.externals.loky.backend.popen_loky_posix --process-name LokyProcess-36 --pipe 115
3366845       01:02 99.5  0.1 /home/marc/Documents/pivlab/clamp-analyses/.conda/envs/clamp-analyses/bin/python -m joblib.externals.loky.backend.popen_loky_posix --process-name LokyProcess-37 --pipe 116
3366846       01:02 65.8  0.1 /home/marc/Documents/pivlab/clamp-analyses/.conda/envs/clamp-analyses/bin/python -m joblib.externals.loky.backend.popen_loky_posix --process-name LokyProcess-38 --pipe 117
3366847       01:02 79.2  0.0 /home/marc/Documents/pivlab/clamp-analyses/.conda/envs/clamp-analyses/bin/python -m joblib.externals.loky.backend.popen_loky_posix --process-name LokyProcess-39 --pipe 118
3366848       01:02 99.6  0.1 /home/marc/Documents/pivlab/clamp-analyses/.conda/envs/clamp-analyses/bin/python -m joblib.externals.loky.backend.popen_loky_posix --process-name LokyProcess-40 --pipe 119
3366849       01:02 99.5  0.1 /home/marc/Documents/pivlab/clamp-analyses/.conda/envs/clamp-analyses/bin/python -m joblib.externals.loky.backend.popen_loky_posix --process-name LokyProcess-41 --pipe 120
3366850       01:02 99.6  0.1 /home/marc/Documents/pivlab/clamp-analyses/.conda/envs/clamp-analyses/bin/python -m joblib.externals.loky.backend.popen_loky_posix --process-name LokyProcess-42 --pipe 121
3366851       01:02 99.5  0.1 /home/marc/Documents/pivlab/clamp-analyses/.conda/envs/clamp-analyses/bin/python -m joblib.externals.loky.backend.popen_loky_posix --process-name LokyProcess-43 --pipe 122
3366852       01:02 40.7  0.0 /home/marc/Documents/pivlab/clamp-analyses/.conda/envs/clamp-analyses/bin/python -m joblib.externals.loky.backend.popen_loky_posix --process-name LokyProcess-44 --pipe 123
3366853       01:02 80.7  0.1 /home/marc/Documents/pivlab/clamp-analyses/.conda/envs/clamp-analyses/bin/python -m joblib.externals.loky.backend.popen_loky_posix --process-name LokyProcess-45 --pipe 124
3366854       01:02 54.1  0.1 /home/marc/Documents/pivlab/clamp-analyses/.conda/envs/clamp-analyses/bin/python -m joblib.externals.loky.backend.popen_loky_posix --process-name LokyProcess-46 --pipe 125
3366855       01:02 99.7  0.1 /home/marc/Documents/pivlab/clamp-analyses/.conda/envs/clamp-analyses/bin/python -m joblib.externals.loky.backend.popen_loky_posix --process-name LokyProcess-47 --pipe 126
3366856       01:02 40.0  0.0 /home/marc/Documents/pivlab/clamp-analyses/.conda/envs/clamp-analyses/bin/python -m joblib.externals.loky.backend.popen_loky_posix --process-name LokyProcess-48 --pipe 127
log_markers:
===== START nbs/03_model_biology/01_gtex/03_rf_true_labels/00_LV_importance_true_labels.ipynb Wed Jun 24 14:50:43 MDT 2026 =====
output_counts:
===== START nbs/03_model_biology/01_gtex/03_rf_true_labels/00_LV_importance_true_labels.ipynb Wed Jun 24 14:50:43 MDT 2026 =====
output_count:
1
1

output/03_model_biology/01_gtex/03_rf_true_labels/01_LV_importance_true_labels_biology/phenomexcan_simplified_phenotypes_info.tsv.gz

===== STATUS Wed Jun 24 15:22:08 MDT 2026 =====
runner_pid=3366595
runner=RUNNING
processes:
3366595       31:25  0.0  0.0 bash logs/run_03_rf_true_labels_bg.sh
3366601       31:25  0.1  0.0 python3.11 /home/marc/Documents/pivlab/clamp-analyses/.conda/envs/clamp-analyses/bin/jupyter-nbconvert --to notebook --execute --inplace --ExecutePreprocessor.timeout=-1 nbs/03_model_biology/01_gtex/03_rf_true_labels/00_LV_importance_true_labels.ipynb
3366604       31:24 76.6  1.2 /home/marc/Documents/pivlab/clamp-analyses/.conda/envs/clamp-analyses/bin/python -m ipykernel_launcher -f /tmp/tmp5q69_ol4.json --HistoryManager.hist_file=:memory:
log_markers:
===== START nbs/03_model_biology/01_gtex/03_rf_true_labels/00_LV_importance_true_labels.ipynb Wed Jun 24 14:50:43 MDT 2026 =====
output_counts:
1
output/03_model_biology/01_gtex/03_rf_true_labels/01_LV_importance_true_labels_biology/phenomexcan_simplified_phenotypes_info.tsv.gz

===== STATUS Wed Jun 24 15:52:08 MDT 2026 =====
runner_pid=3366595
runner=RUNNING
processes:
3366595    01:01:25  0.0  0.0 bash logs/run_03_rf_true_labels_bg.sh
3366601    01:01:25  0.0  0.0 python3.11 /home/marc/Documents/pivlab/clamp-analyses/.conda/envs/clamp-analyses/bin/jupyter-nbconvert --to notebook --execute --inplace --ExecutePreprocessor.timeout=-1 nbs/03_model_biology/01_gtex/03_rf_true_labels/00_LV_importance_true_labels.ipynb
3366604    01:01:24 65.4  1.1 /home/marc/Documents/pivlab/clamp-analyses/.conda/envs/clamp-analyses/bin/python -m ipykernel_launcher -f /tmp/tmp5q69_ol4.json --HistoryManager.hist_file=:memory:
3373396       07:50 50.3  0.1 /home/marc/Documents/pivlab/clamp-analyses/.conda/envs/clamp-analyses/bin/python -m joblib.externals.loky.backend.popen_loky_posix --process-name LokyProcess-97 --pipe 81
3373397       07:50 37.5  0.1 /home/marc/Documents/pivlab/clamp-analyses/.conda/envs/clamp-analyses/bin/python -m joblib.externals.loky.backend.popen_loky_posix --process-name LokyProcess-98 --pipe 82
3373398       07:50 39.7  0.1 /home/marc/Documents/pivlab/clamp-analyses/.conda/envs/clamp-analyses/bin/python -m joblib.externals.loky.backend.popen_loky_posix --process-name LokyProcess-99 --pipe 83
3373399       07:50 33.7  0.1 /home/marc/Documents/pivlab/clamp-analyses/.conda/envs/clamp-analyses/bin/python -m joblib.externals.loky.backend.popen_loky_posix --process-name LokyProcess-100 --pipe 84
3373400       07:50 45.5  0.1 /home/marc/Documents/pivlab/clamp-analyses/.conda/envs/clamp-analyses/bin/python -m joblib.externals.loky.backend.popen_loky_posix --process-name LokyProcess-101 --pipe 85
3373401       07:50 37.5  0.1 /home/marc/Documents/pivlab/clamp-analyses/.conda/envs/clamp-analyses/bin/python -m joblib.externals.loky.backend.popen_loky_posix --process-name LokyProcess-102 --pipe 86
3373402       07:50 57.8  0.1 /home/marc/Documents/pivlab/clamp-analyses/.conda/envs/clamp-analyses/bin/python -m joblib.externals.loky.backend.popen_loky_posix --process-name LokyProcess-103 --pipe 87
3373403       07:50 40.1  0.1 /home/marc/Documents/pivlab/clamp-analyses/.conda/envs/clamp-analyses/bin/python -m joblib.externals.loky.backend.popen_loky_posix --process-name LokyProcess-104 --pipe 88
3373404       07:50 41.1  0.1 /home/marc/Documents/pivlab/clamp-analyses/.conda/envs/clamp-analyses/bin/python -m joblib.externals.loky.backend.popen_loky_posix --process-name LokyProcess-105 --pipe 89
3373405       07:50 44.2  0.1 /home/marc/Documents/pivlab/clamp-analyses/.conda/envs/clamp-analyses/bin/python -m joblib.externals.loky.backend.popen_loky_posix --process-name LokyProcess-106 --pipe 90
3373406       07:50 47.2  0.1 /home/marc/Documents/pivlab/clamp-analyses/.conda/envs/clamp-analyses/bin/python -m joblib.externals.loky.backend.popen_loky_posix --process-name LokyProcess-107 --pipe 91
3373407       07:50 41.4  0.1 /home/marc/Documents/pivlab/clamp-analyses/.conda/envs/clamp-analyses/bin/python -m joblib.externals.loky.backend.popen_loky_posix --process-name LokyProcess-108 --pipe 92
3373408       07:50 37.0  0.1 /home/marc/Documents/pivlab/clamp-analyses/.conda/envs/clamp-analyses/bin/python -m joblib.externals.loky.backend.popen_loky_posix --process-name LokyProcess-109 --pipe 93
3373409       07:50 54.9  0.1 /home/marc/Documents/pivlab/clamp-analyses/.conda/envs/clamp-analyses/bin/python -m joblib.externals.loky.backend.popen_loky_posix --process-name LokyProcess-110 --pipe 94
3373410       07:50 44.6  0.1 /home/marc/Documents/pivlab/clamp-analyses/.conda/envs/clamp-analyses/bin/python -m joblib.externals.loky.backend.popen_loky_posix --process-name LokyProcess-111 --pipe 95
3373411       07:50 34.4  0.1 /home/marc/Documents/pivlab/clamp-analyses/.conda/envs/clamp-analyses/bin/python -m joblib.externals.loky.backend.popen_loky_posix --process-name LokyProcess-112 --pipe 96
3373412       07:50 37.5  0.1 /home/marc/Documents/pivlab/clamp-analyses/.conda/envs/clamp-analyses/bin/python -m joblib.externals.loky.backend.popen_loky_posix --process-name LokyProcess-113 --pipe 97
3373413       07:50 47.9  0.1 /home/marc/Documents/pivlab/clamp-analyses/.conda/envs/clamp-analyses/bin/python -m joblib.externals.loky.backend.popen_loky_posix --process-name LokyProcess-114 --pipe 98
3373414       07:50 34.1  0.1 /home/marc/Documents/pivlab/clamp-analyses/.conda/envs/clamp-analyses/bin/python -m joblib.externals.loky.backend.popen_loky_posix --process-name LokyProcess-115 --pipe 99
3373415       07:50 37.6  0.1 /home/marc/Documents/pivlab/clamp-analyses/.conda/envs/clamp-analyses/bin/python -m joblib.externals.loky.backend.popen_loky_posix --process-name LokyProcess-116 --pipe 100
3373416       07:50 40.0  0.1 /home/marc/Documents/pivlab/clamp-analyses/.conda/envs/clamp-analyses/bin/python -m joblib.externals.loky.backend.popen_loky_posix --process-name LokyProcess-117 --pipe 101
3373417       07:50 46.8  0.1 /home/marc/Documents/pivlab/clamp-analyses/.conda/envs/clamp-analyses/bin/python -m joblib.externals.loky.backend.popen_loky_posix --process-name LokyProcess-118 --pipe 102
3373418       07:50 53.8  0.1 /home/marc/Documents/pivlab/clamp-analyses/.conda/envs/clamp-analyses/bin/python -m joblib.externals.loky.backend.popen_loky_posix --process-name LokyProcess-119 --pipe 103
3373419       07:50 44.2  0.1 /home/marc/Documents/pivlab/clamp-analyses/.conda/envs/clamp-analyses/bin/python -m joblib.externals.loky.backend.popen_loky_posix --process-name LokyProcess-120 --pipe 103
3373420       07:50 34.2  0.1 /home/marc/Documents/pivlab/clamp-analyses/.conda/envs/clamp-analyses/bin/python -m joblib.externals.loky.backend.popen_loky_posix --process-name LokyProcess-121 --pipe 104
3373421       07:50 48.3  0.1 /home/marc/Documents/pivlab/clamp-analyses/.conda/envs/clamp-analyses/bin/python -m joblib.externals.loky.backend.popen_loky_posix --process-name LokyProcess-122 --pipe 105
3373422       07:50 43.8  0.1 /home/marc/Documents/pivlab/clamp-analyses/.conda/envs/clamp-analyses/bin/python -m joblib.externals.loky.backend.popen_loky_posix --process-name LokyProcess-123 --pipe 106
3373423       07:50 44.2  0.1 /home/marc/Documents/pivlab/clamp-analyses/.conda/envs/clamp-analyses/bin/python -m joblib.externals.loky.backend.popen_loky_posix --process-name LokyProcess-124 --pipe 107
3373424       07:50 50.2  0.1 /home/marc/Documents/pivlab/clamp-analyses/.conda/envs/clamp-analyses/bin/python -m joblib.externals.loky.backend.popen_loky_posix --process-name LokyProcess-125 --pipe 108
3373425       07:50 31.6  0.1 /home/marc/Documents/pivlab/clamp-analyses/.conda/envs/clamp-analyses/bin/python -m joblib.externals.loky.backend.popen_loky_posix --process-name LokyProcess-126 --pipe 109
3373426       07:50 38.0  0.1 /home/marc/Documents/pivlab/clamp-analyses/.conda/envs/clamp-analyses/bin/python -m joblib.externals.loky.backend.popen_loky_posix --process-name LokyProcess-127 --pipe 110
3373427       07:50 46.9  0.1 /home/marc/Documents/pivlab/clamp-analyses/.conda/envs/clamp-analyses/bin/python -m joblib.externals.loky.backend.popen_loky_posix --process-name LokyProcess-128 --pipe 111
3373428       07:50 42.4  0.1 /home/marc/Documents/pivlab/clamp-analyses/.conda/envs/clamp-analyses/bin/python -m joblib.externals.loky.backend.popen_loky_posix --process-name LokyProcess-129 --pipe 112
3373429       07:50 34.2  0.1 /home/marc/Documents/pivlab/clamp-analyses/.conda/envs/clamp-analyses/bin/python -m joblib.externals.loky.backend.popen_loky_posix --process-name LokyProcess-130 --pipe 113
3373430       07:50 38.5  0.1 /home/marc/Documents/pivlab/clamp-analyses/.conda/envs/clamp-analyses/bin/python -m joblib.externals.loky.backend.popen_loky_posix --process-name LokyProcess-131 --pipe 114
3373431       07:50 28.9  0.1 /home/marc/Documents/pivlab/clamp-analyses/.conda/envs/clamp-analyses/bin/python -m joblib.externals.loky.backend.popen_loky_posix --process-name LokyProcess-132 --pipe 115
3373432       07:50 49.4  0.1 /home/marc/Documents/pivlab/clamp-analyses/.conda/envs/clamp-analyses/bin/python -m joblib.externals.loky.backend.popen_loky_posix --process-name LokyProcess-133 --pipe 116
3373433       07:50 45.2  0.1 /home/marc/Documents/pivlab/clamp-analyses/.conda/envs/clamp-analyses/bin/python -m joblib.externals.loky.backend.popen_loky_posix --process-name LokyProcess-134 --pipe 117
3373434       07:50 53.7  0.1 /home/marc/Documents/pivlab/clamp-analyses/.conda/envs/clamp-analyses/bin/python -m joblib.externals.loky.backend.popen_loky_posix --process-name LokyProcess-135 --pipe 118
3373435       07:50 37.8  0.1 /home/marc/Documents/pivlab/clamp-analyses/.conda/envs/clamp-analyses/bin/python -m joblib.externals.loky.backend.popen_loky_posix --process-name LokyProcess-136 --pipe 119
3373436       07:50 40.4  0.1 /home/marc/Documents/pivlab/clamp-analyses/.conda/envs/clamp-analyses/bin/python -m joblib.externals.loky.backend.popen_loky_posix --process-name LokyProcess-137 --pipe 120
3373437       07:50 44.3  0.1 /home/marc/Documents/pivlab/clamp-analyses/.conda/envs/clamp-analyses/bin/python -m joblib.externals.loky.backend.popen_loky_posix --process-name LokyProcess-138 --pipe 121
3373438       07:50 37.0  0.1 /home/marc/Documents/pivlab/clamp-analyses/.conda/envs/clamp-analyses/bin/python -m joblib.externals.loky.backend.popen_loky_posix --process-name LokyProcess-139 --pipe 122
3373439       07:50 43.0  0.1 /home/marc/Documents/pivlab/clamp-analyses/.conda/envs/clamp-analyses/bin/python -m joblib.externals.loky.backend.popen_loky_posix --process-name LokyProcess-140 --pipe 123
3373440       07:50 32.7  0.1 /home/marc/Documents/pivlab/clamp-analyses/.conda/envs/clamp-analyses/bin/python -m joblib.externals.loky.backend.popen_loky_posix --process-name LokyProcess-141 --pipe 124
3373441       07:50 43.8  0.1 /home/marc/Documents/pivlab/clamp-analyses/.conda/envs/clamp-analyses/bin/python -m joblib.externals.loky.backend.popen_loky_posix --process-name LokyProcess-142 --pipe 125
3373442       07:50 32.6  0.1 /home/marc/Documents/pivlab/clamp-analyses/.conda/envs/clamp-analyses/bin/python -m joblib.externals.loky.backend.popen_loky_posix --process-name LokyProcess-143 --pipe 126
3373443       07:50 51.2  0.1 /home/marc/Documents/pivlab/clamp-analyses/.conda/envs/clamp-analyses/bin/python -m joblib.externals.loky.backend.popen_loky_posix --process-name LokyProcess-144 --pipe 127
log_markers:
===== START nbs/03_model_biology/01_gtex/03_rf_true_labels/00_LV_importance_true_labels.ipynb Wed Jun 24 14:50:43 MDT 2026 =====
output_counts:
1
output/03_model_biology/01_gtex/03_rf_true_labels/01_LV_importance_true_labels_biology/phenomexcan_simplified_phenotypes_info.tsv.gz

===== STATUS Wed Jun 24 16:22:08 MDT 2026 =====
runner_pid=3366595
runner=RUNNING
processes:
3366595    01:31:25  0.0  0.0 bash logs/run_03_rf_true_labels_bg.sh
3366601    01:31:25  0.0  0.0 python3.11 /home/marc/Documents/pivlab/clamp-analyses/.conda/envs/clamp-analyses/bin/jupyter-nbconvert --to notebook --execute --inplace --ExecutePreprocessor.timeout=-1 nbs/03_model_biology/01_gtex/03_rf_true_labels/00_LV_importance_true_labels.ipynb
3366604    01:31:24 62.1  1.1 /home/marc/Documents/pivlab/clamp-analyses/.conda/envs/clamp-analyses/bin/python -m ipykernel_launcher -f /tmp/tmp5q69_ol4.json --HistoryManager.hist_file=:memory:
3376957       08:18 44.3  0.1 /home/marc/Documents/pivlab/clamp-analyses/.conda/envs/clamp-analyses/bin/python -m joblib.externals.loky.backend.popen_loky_posix --process-name LokyProcess-145 --pipe 81
3376958       08:18 42.8  0.1 /home/marc/Documents/pivlab/clamp-analyses/.conda/envs/clamp-analyses/bin/python -m joblib.externals.loky.backend.popen_loky_posix --process-name LokyProcess-146 --pipe 82
3376959       08:18 61.2  0.1 /home/marc/Documents/pivlab/clamp-analyses/.conda/envs/clamp-analyses/bin/python -m joblib.externals.loky.backend.popen_loky_posix --process-name LokyProcess-147 --pipe 83
3376960       08:18 44.9  0.1 /home/marc/Documents/pivlab/clamp-analyses/.conda/envs/clamp-analyses/bin/python -m joblib.externals.loky.backend.popen_loky_posix --process-name LokyProcess-148 --pipe 84
3376961       08:18 33.5  0.1 /home/marc/Documents/pivlab/clamp-analyses/.conda/envs/clamp-analyses/bin/python -m joblib.externals.loky.backend.popen_loky_posix --process-name LokyProcess-149 --pipe 85
3376962       08:18 53.4  0.1 /home/marc/Documents/pivlab/clamp-analyses/.conda/envs/clamp-analyses/bin/python -m joblib.externals.loky.backend.popen_loky_posix --process-name LokyProcess-150 --pipe 86
3376963       08:18 57.1  0.1 /home/marc/Documents/pivlab/clamp-analyses/.conda/envs/clamp-analyses/bin/python -m joblib.externals.loky.backend.popen_loky_posix --process-name LokyProcess-151 --pipe 87
3376964       08:18 45.0  0.1 /home/marc/Documents/pivlab/clamp-analyses/.conda/envs/clamp-analyses/bin/python -m joblib.externals.loky.backend.popen_loky_posix --process-name LokyProcess-152 --pipe 88
3376965       08:18 48.9  0.1 /home/marc/Documents/pivlab/clamp-analyses/.conda/envs/clamp-analyses/bin/python -m joblib.externals.loky.backend.popen_loky_posix --process-name LokyProcess-153 --pipe 89
3376966       08:18 45.2  0.1 /home/marc/Documents/pivlab/clamp-analyses/.conda/envs/clamp-analyses/bin/python -m joblib.externals.loky.backend.popen_loky_posix --process-name LokyProcess-154 --pipe 90
3376967       08:18 44.1  0.1 /home/marc/Documents/pivlab/clamp-analyses/.conda/envs/clamp-analyses/bin/python -m joblib.externals.loky.backend.popen_loky_posix --process-name LokyProcess-155 --pipe 91
3376968       08:18 51.9  0.1 /home/marc/Documents/pivlab/clamp-analyses/.conda/envs/clamp-analyses/bin/python -m joblib.externals.loky.backend.popen_loky_posix --process-name LokyProcess-156 --pipe 92
3376969       08:18 41.8  0.1 /home/marc/Documents/pivlab/clamp-analyses/.conda/envs/clamp-analyses/bin/python -m joblib.externals.loky.backend.popen_loky_posix --process-name LokyProcess-157 --pipe 93
3376970       08:18 43.0  0.1 /home/marc/Documents/pivlab/clamp-analyses/.conda/envs/clamp-analyses/bin/python -m joblib.externals.loky.backend.popen_loky_posix --process-name LokyProcess-158 --pipe 94
3376971       08:18 52.6  0.1 /home/marc/Documents/pivlab/clamp-analyses/.conda/envs/clamp-analyses/bin/python -m joblib.externals.loky.backend.popen_loky_posix --process-name LokyProcess-159 --pipe 95
3376972       08:18 41.8  0.1 /home/marc/Documents/pivlab/clamp-analyses/.conda/envs/clamp-analyses/bin/python -m joblib.externals.loky.backend.popen_loky_posix --process-name LokyProcess-160 --pipe 96
3376973       08:18 48.1  0.1 /home/marc/Documents/pivlab/clamp-analyses/.conda/envs/clamp-analyses/bin/python -m joblib.externals.loky.backend.popen_loky_posix --process-name LokyProcess-161 --pipe 97
3376974       08:18 46.9  0.1 /home/marc/Documents/pivlab/clamp-analyses/.conda/envs/clamp-analyses/bin/python -m joblib.externals.loky.backend.popen_loky_posix --process-name LokyProcess-162 --pipe 98
3376975       08:18 56.9  0.1 /home/marc/Documents/pivlab/clamp-analyses/.conda/envs/clamp-analyses/bin/python -m joblib.externals.loky.backend.popen_loky_posix --process-name LokyProcess-163 --pipe 99
3376976       08:18 50.6  0.1 /home/marc/Documents/pivlab/clamp-analyses/.conda/envs/clamp-analyses/bin/python -m joblib.externals.loky.backend.popen_loky_posix --process-name LokyProcess-164 --pipe 100
3376977       08:18 56.4  0.1 /home/marc/Documents/pivlab/clamp-analyses/.conda/envs/clamp-analyses/bin/python -m joblib.externals.loky.backend.popen_loky_posix --process-name LokyProcess-165 --pipe 101
3376978       08:18 54.9  0.1 /home/marc/Documents/pivlab/clamp-analyses/.conda/envs/clamp-analyses/bin/python -m joblib.externals.loky.backend.popen_loky_posix --process-name LokyProcess-166 --pipe 102
3376979       08:18 56.7  0.1 /home/marc/Documents/pivlab/clamp-analyses/.conda/envs/clamp-analyses/bin/python -m joblib.externals.loky.backend.popen_loky_posix --process-name LokyProcess-167 --pipe 103
3376980       08:18 59.3  0.1 /home/marc/Documents/pivlab/clamp-analyses/.conda/envs/clamp-analyses/bin/python -m joblib.externals.loky.backend.popen_loky_posix --process-name LokyProcess-168 --pipe 104
3376981       08:18 46.9  0.1 /home/marc/Documents/pivlab/clamp-analyses/.conda/envs/clamp-analyses/bin/python -m joblib.externals.loky.backend.popen_loky_posix --process-name LokyProcess-169 --pipe 104
3376982       08:18 51.0  0.1 /home/marc/Documents/pivlab/clamp-analyses/.conda/envs/clamp-analyses/bin/python -m joblib.externals.loky.backend.popen_loky_posix --process-name LokyProcess-170 --pipe 105
3376983       08:18 43.8  0.1 /home/marc/Documents/pivlab/clamp-analyses/.conda/envs/clamp-analyses/bin/python -m joblib.externals.loky.backend.popen_loky_posix --process-name LokyProcess-171 --pipe 106
3376984       08:18 40.2  0.1 /home/marc/Documents/pivlab/clamp-analyses/.conda/envs/clamp-analyses/bin/python -m joblib.externals.loky.backend.popen_loky_posix --process-name LokyProcess-172 --pipe 107
3376985       08:18 54.6  0.1 /home/marc/Documents/pivlab/clamp-analyses/.conda/envs/clamp-analyses/bin/python -m joblib.externals.loky.backend.popen_loky_posix --process-name LokyProcess-173 --pipe 108
3376986       08:18 42.1  0.1 /home/marc/Documents/pivlab/clamp-analyses/.conda/envs/clamp-analyses/bin/python -m joblib.externals.loky.backend.popen_loky_posix --process-name LokyProcess-174 --pipe 109
3376987       08:18 42.6  0.1 /home/marc/Documents/pivlab/clamp-analyses/.conda/envs/clamp-analyses/bin/python -m joblib.externals.loky.backend.popen_loky_posix --process-name LokyProcess-175 --pipe 110
3376988       08:18 46.2  0.1 /home/marc/Documents/pivlab/clamp-analyses/.conda/envs/clamp-analyses/bin/python -m joblib.externals.loky.backend.popen_loky_posix --process-name LokyProcess-176 --pipe 111
3376989       08:18 35.1  0.1 /home/marc/Documents/pivlab/clamp-analyses/.conda/envs/clamp-analyses/bin/python -m joblib.externals.loky.backend.popen_loky_posix --process-name LokyProcess-177 --pipe 112
3376990       08:18 37.8  0.1 /home/marc/Documents/pivlab/clamp-analyses/.conda/envs/clamp-analyses/bin/python -m joblib.externals.loky.backend.popen_loky_posix --process-name LokyProcess-178 --pipe 113
3376991       08:18 46.4  0.1 /home/marc/Documents/pivlab/clamp-analyses/.conda/envs/clamp-analyses/bin/python -m joblib.externals.loky.backend.popen_loky_posix --process-name LokyProcess-179 --pipe 114
3376992       08:18 47.7  0.1 /home/marc/Documents/pivlab/clamp-analyses/.conda/envs/clamp-analyses/bin/python -m joblib.externals.loky.backend.popen_loky_posix --process-name LokyProcess-180 --pipe 115
3376993       08:18 48.2  0.1 /home/marc/Documents/pivlab/clamp-analyses/.conda/envs/clamp-analyses/bin/python -m joblib.externals.loky.backend.popen_loky_posix --process-name LokyProcess-181 --pipe 116
3376994       08:18 51.8  0.1 /home/marc/Documents/pivlab/clamp-analyses/.conda/envs/clamp-analyses/bin/python -m joblib.externals.loky.backend.popen_loky_posix --process-name LokyProcess-182 --pipe 117
3376995       08:18 45.7  0.1 /home/marc/Documents/pivlab/clamp-analyses/.conda/envs/clamp-analyses/bin/python -m joblib.externals.loky.backend.popen_loky_posix --process-name LokyProcess-183 --pipe 118
3376996       08:18 52.2  0.1 /home/marc/Documents/pivlab/clamp-analyses/.conda/envs/clamp-analyses/bin/python -m joblib.externals.loky.backend.popen_loky_posix --process-name LokyProcess-184 --pipe 119
3376997       08:18 50.4  0.1 /home/marc/Documents/pivlab/clamp-analyses/.conda/envs/clamp-analyses/bin/python -m joblib.externals.loky.backend.popen_loky_posix --process-name LokyProcess-185 --pipe 120
3376998       08:18 61.8  0.1 /home/marc/Documents/pivlab/clamp-analyses/.conda/envs/clamp-analyses/bin/python -m joblib.externals.loky.backend.popen_loky_posix --process-name LokyProcess-186 --pipe 121
3376999       08:18 42.0  0.1 /home/marc/Documents/pivlab/clamp-analyses/.conda/envs/clamp-analyses/bin/python -m joblib.externals.loky.backend.popen_loky_posix --process-name LokyProcess-187 --pipe 122
3377000       08:18 45.3  0.1 /home/marc/Documents/pivlab/clamp-analyses/.conda/envs/clamp-analyses/bin/python -m joblib.externals.loky.backend.popen_loky_posix --process-name LokyProcess-188 --pipe 123
3377001       08:18 43.5  0.1 /home/marc/Documents/pivlab/clamp-analyses/.conda/envs/clamp-analyses/bin/python -m joblib.externals.loky.backend.popen_loky_posix --process-name LokyProcess-189 --pipe 124
3377002       08:18 44.1  0.1 /home/marc/Documents/pivlab/clamp-analyses/.conda/envs/clamp-analyses/bin/python -m joblib.externals.loky.backend.popen_loky_posix --process-name LokyProcess-190 --pipe 125
3377003       08:18 48.2  0.1 /home/marc/Documents/pivlab/clamp-analyses/.conda/envs/clamp-analyses/bin/python -m joblib.externals.loky.backend.popen_loky_posix --process-name LokyProcess-191 --pipe 126
3377004       08:18 56.7  0.1 /home/marc/Documents/pivlab/clamp-analyses/.conda/envs/clamp-analyses/bin/python -m joblib.externals.loky.backend.popen_loky_posix --process-name LokyProcess-192 --pipe 127
log_markers:
===== START nbs/03_model_biology/01_gtex/03_rf_true_labels/00_LV_importance_true_labels.ipynb Wed Jun 24 14:50:43 MDT 2026 =====
output_counts:
1
output/03_model_biology/01_gtex/03_rf_true_labels/01_LV_importance_true_labels_biology/phenomexcan_simplified_phenotypes_info.tsv.gz

===== STATUS Wed Jun 24 16:52:09 MDT 2026 =====
runner_pid=3366595
runner=RUNNING
processes:
3366595    02:01:25  0.0  0.0 bash logs/run_03_rf_true_labels_bg.sh
3366601    02:01:25  0.0  0.0 python3.11 /home/marc/Documents/pivlab/clamp-analyses/.conda/envs/clamp-analyses/bin/jupyter-nbconvert --to notebook --execute --inplace --ExecutePreprocessor.timeout=-1 nbs/03_model_biology/01_gtex/03_rf_true_labels/00_LV_importance_true_labels.ipynb
3366604    02:01:24 60.1  1.1 /home/marc/Documents/pivlab/clamp-analyses/.conda/envs/clamp-analyses/bin/python -m ipykernel_launcher -f /tmp/tmp5q69_ol4.json --HistoryManager.hist_file=:memory:
3380498       09:03 35.6  0.1 /home/marc/Documents/pivlab/clamp-analyses/.conda/envs/clamp-analyses/bin/python -m joblib.externals.loky.backend.popen_loky_posix --process-name LokyProcess-193 --pipe 81
3380499       09:03 36.8  0.1 /home/marc/Documents/pivlab/clamp-analyses/.conda/envs/clamp-analyses/bin/python -m joblib.externals.loky.backend.popen_loky_posix --process-name LokyProcess-194 --pipe 82
3380500       09:03 32.5  0.1 /home/marc/Documents/pivlab/clamp-analyses/.conda/envs/clamp-analyses/bin/python -m joblib.externals.loky.backend.popen_loky_posix --process-name LokyProcess-195 --pipe 83
3380501       09:03 41.2  0.1 /home/marc/Documents/pivlab/clamp-analyses/.conda/envs/clamp-analyses/bin/python -m joblib.externals.loky.backend.popen_loky_posix --process-name LokyProcess-196 --pipe 84
3380502       09:03 29.9  0.1 /home/marc/Documents/pivlab/clamp-analyses/.conda/envs/clamp-analyses/bin/python -m joblib.externals.loky.backend.popen_loky_posix --process-name LokyProcess-197 --pipe 85
3380503       09:03 36.7  0.1 /home/marc/Documents/pivlab/clamp-analyses/.conda/envs/clamp-analyses/bin/python -m joblib.externals.loky.backend.popen_loky_posix --process-name LokyProcess-198 --pipe 86
3380504       09:03 35.4  0.1 /home/marc/Documents/pivlab/clamp-analyses/.conda/envs/clamp-analyses/bin/python -m joblib.externals.loky.backend.popen_loky_posix --process-name LokyProcess-199 --pipe 87
3380505       09:03 37.8  0.1 /home/marc/Documents/pivlab/clamp-analyses/.conda/envs/clamp-analyses/bin/python -m joblib.externals.loky.backend.popen_loky_posix --process-name LokyProcess-200 --pipe 88
3380506       09:03 55.1  0.1 /home/marc/Documents/pivlab/clamp-analyses/.conda/envs/clamp-analyses/bin/python -m joblib.externals.loky.backend.popen_loky_posix --process-name LokyProcess-201 --pipe 89
3380507       09:03 30.2  0.1 /home/marc/Documents/pivlab/clamp-analyses/.conda/envs/clamp-analyses/bin/python -m joblib.externals.loky.backend.popen_loky_posix --process-name LokyProcess-202 --pipe 90
3380508       09:03 45.3  0.1 /home/marc/Documents/pivlab/clamp-analyses/.conda/envs/clamp-analyses/bin/python -m joblib.externals.loky.backend.popen_loky_posix --process-name LokyProcess-203 --pipe 91
3380509       09:03 36.9  0.1 /home/marc/Documents/pivlab/clamp-analyses/.conda/envs/clamp-analyses/bin/python -m joblib.externals.loky.backend.popen_loky_posix --process-name LokyProcess-204 --pipe 92
3380510       09:03 47.5  0.1 /home/marc/Documents/pivlab/clamp-analyses/.conda/envs/clamp-analyses/bin/python -m joblib.externals.loky.backend.popen_loky_posix --process-name LokyProcess-205 --pipe 93
3380511       09:03 39.8  0.1 /home/marc/Documents/pivlab/clamp-analyses/.conda/envs/clamp-analyses/bin/python -m joblib.externals.loky.backend.popen_loky_posix --process-name LokyProcess-206 --pipe 94
3380512       09:03 43.3  0.1 /home/marc/Documents/pivlab/clamp-analyses/.conda/envs/clamp-analyses/bin/python -m joblib.externals.loky.backend.popen_loky_posix --process-name LokyProcess-207 --pipe 95
3380513       09:03 36.6  0.1 /home/marc/Documents/pivlab/clamp-analyses/.conda/envs/clamp-analyses/bin/python -m joblib.externals.loky.backend.popen_loky_posix --process-name LokyProcess-208 --pipe 96
3380514       09:03 33.5  0.1 /home/marc/Documents/pivlab/clamp-analyses/.conda/envs/clamp-analyses/bin/python -m joblib.externals.loky.backend.popen_loky_posix --process-name LokyProcess-209 --pipe 97
3380515       09:03 30.9  0.1 /home/marc/Documents/pivlab/clamp-analyses/.conda/envs/clamp-analyses/bin/python -m joblib.externals.loky.backend.popen_loky_posix --process-name LokyProcess-210 --pipe 98
3380516       09:03 36.4  0.1 /home/marc/Documents/pivlab/clamp-analyses/.conda/envs/clamp-analyses/bin/python -m joblib.externals.loky.backend.popen_loky_posix --process-name LokyProcess-211 --pipe 99
3380517       09:03 49.6  0.1 /home/marc/Documents/pivlab/clamp-analyses/.conda/envs/clamp-analyses/bin/python -m joblib.externals.loky.backend.popen_loky_posix --process-name LokyProcess-212 --pipe 100
3380518       09:03 25.4  0.1 /home/marc/Documents/pivlab/clamp-analyses/.conda/envs/clamp-analyses/bin/python -m joblib.externals.loky.backend.popen_loky_posix --process-name LokyProcess-213 --pipe 101
3380519       09:03 51.5  0.1 /home/marc/Documents/pivlab/clamp-analyses/.conda/envs/clamp-analyses/bin/python -m joblib.externals.loky.backend.popen_loky_posix --process-name LokyProcess-214 --pipe 102
3380520       09:03 32.1  0.1 /home/marc/Documents/pivlab/clamp-analyses/.conda/envs/clamp-analyses/bin/python -m joblib.externals.loky.backend.popen_loky_posix --process-name LokyProcess-215 --pipe 102
3380521       09:03 41.7  0.1 /home/marc/Documents/pivlab/clamp-analyses/.conda/envs/clamp-analyses/bin/python -m joblib.externals.loky.backend.popen_loky_posix --process-name LokyProcess-216 --pipe 103
3380522       09:03 36.5  0.1 /home/marc/Documents/pivlab/clamp-analyses/.conda/envs/clamp-analyses/bin/python -m joblib.externals.loky.backend.popen_loky_posix --process-name LokyProcess-217 --pipe 104
3380523       09:03 33.1  0.1 /home/marc/Documents/pivlab/clamp-analyses/.conda/envs/clamp-analyses/bin/python -m joblib.externals.loky.backend.popen_loky_posix --process-name LokyProcess-218 --pipe 105
3380524       09:03 39.6  0.1 /home/marc/Documents/pivlab/clamp-analyses/.conda/envs/clamp-analyses/bin/python -m joblib.externals.loky.backend.popen_loky_posix --process-name LokyProcess-219 --pipe 106
3380525       09:03 41.5  0.1 /home/marc/Documents/pivlab/clamp-analyses/.conda/envs/clamp-analyses/bin/python -m joblib.externals.loky.backend.popen_loky_posix --process-name LokyProcess-220 --pipe 107
3380526       09:03 33.5  0.1 /home/marc/Documents/pivlab/clamp-analyses/.conda/envs/clamp-analyses/bin/python -m joblib.externals.loky.backend.popen_loky_posix --process-name LokyProcess-221 --pipe 108
3380527       09:03 27.4  0.1 /home/marc/Documents/pivlab/clamp-analyses/.conda/envs/clamp-analyses/bin/python -m joblib.externals.loky.backend.popen_loky_posix --process-name LokyProcess-222 --pipe 109
3380528       09:03 27.4  0.1 /home/marc/Documents/pivlab/clamp-analyses/.conda/envs/clamp-analyses/bin/python -m joblib.externals.loky.backend.popen_loky_posix --process-name LokyProcess-223 --pipe 110
3380529       09:03 31.3  0.1 /home/marc/Documents/pivlab/clamp-analyses/.conda/envs/clamp-analyses/bin/python -m joblib.externals.loky.backend.popen_loky_posix --process-name LokyProcess-224 --pipe 111
3380530       09:03 42.8  0.1 /home/marc/Documents/pivlab/clamp-analyses/.conda/envs/clamp-analyses/bin/python -m joblib.externals.loky.backend.popen_loky_posix --process-name LokyProcess-225 --pipe 112
3380531       09:03 33.4  0.1 /home/marc/Documents/pivlab/clamp-analyses/.conda/envs/clamp-analyses/bin/python -m joblib.externals.loky.backend.popen_loky_posix --process-name LokyProcess-226 --pipe 113
3380532       09:03 37.5  0.1 /home/marc/Documents/pivlab/clamp-analyses/.conda/envs/clamp-analyses/bin/python -m joblib.externals.loky.backend.popen_loky_posix --process-name LokyProcess-227 --pipe 114
3380533       09:03 38.9  0.1 /home/marc/Documents/pivlab/clamp-analyses/.conda/envs/clamp-analyses/bin/python -m joblib.externals.loky.backend.popen_loky_posix --process-name LokyProcess-228 --pipe 115
3380534       09:03 39.7  0.1 /home/marc/Documents/pivlab/clamp-analyses/.conda/envs/clamp-analyses/bin/python -m joblib.externals.loky.backend.popen_loky_posix --process-name LokyProcess-229 --pipe 116
3380535       09:03 37.3  0.1 /home/marc/Documents/pivlab/clamp-analyses/.conda/envs/clamp-analyses/bin/python -m joblib.externals.loky.backend.popen_loky_posix --process-name LokyProcess-230 --pipe 117
3380536       09:03 35.0  0.1 /home/marc/Documents/pivlab/clamp-analyses/.conda/envs/clamp-analyses/bin/python -m joblib.externals.loky.backend.popen_loky_posix --process-name LokyProcess-231 --pipe 118
3380537       09:03 42.9  0.1 /home/marc/Documents/pivlab/clamp-analyses/.conda/envs/clamp-analyses/bin/python -m joblib.externals.loky.backend.popen_loky_posix --process-name LokyProcess-232 --pipe 119
3380538       09:03 35.0  0.1 /home/marc/Documents/pivlab/clamp-analyses/.conda/envs/clamp-analyses/bin/python -m joblib.externals.loky.backend.popen_loky_posix --process-name LokyProcess-233 --pipe 120
3380539       09:03 35.4  0.1 /home/marc/Documents/pivlab/clamp-analyses/.conda/envs/clamp-analyses/bin/python -m joblib.externals.loky.backend.popen_loky_posix --process-name LokyProcess-234 --pipe 121
3380540       09:03 41.5  0.1 /home/marc/Documents/pivlab/clamp-analyses/.conda/envs/clamp-analyses/bin/python -m joblib.externals.loky.backend.popen_loky_posix --process-name LokyProcess-235 --pipe 122
3380541       09:03 42.4  0.1 /home/marc/Documents/pivlab/clamp-analyses/.conda/envs/clamp-analyses/bin/python -m joblib.externals.loky.backend.popen_loky_posix --process-name LokyProcess-236 --pipe 123
3380542       09:03 37.3  0.1 /home/marc/Documents/pivlab/clamp-analyses/.conda/envs/clamp-analyses/bin/python -m joblib.externals.loky.backend.popen_loky_posix --process-name LokyProcess-237 --pipe 124
3380543       09:03 30.5  0.1 /home/marc/Documents/pivlab/clamp-analyses/.conda/envs/clamp-analyses/bin/python -m joblib.externals.loky.backend.popen_loky_posix --process-name LokyProcess-238 --pipe 125
3380544       09:03 29.7  0.1 /home/marc/Documents/pivlab/clamp-analyses/.conda/envs/clamp-analyses/bin/python -m joblib.externals.loky.backend.popen_loky_posix --process-name LokyProcess-239 --pipe 126
3380545       09:03 28.4  0.1 /home/marc/Documents/pivlab/clamp-analyses/.conda/envs/clamp-analyses/bin/python -m joblib.externals.loky.backend.popen_loky_posix --process-name LokyProcess-240 --pipe 127
log_markers:
===== START nbs/03_model_biology/01_gtex/03_rf_true_labels/00_LV_importance_true_labels.ipynb Wed Jun 24 14:50:43 MDT 2026 =====
output_counts:
1
output/03_model_biology/01_gtex/03_rf_true_labels/01_LV_importance_true_labels_biology/phenomexcan_simplified_phenotypes_info.tsv.gz

===== STATUS Wed Jun 24 17:22:09 MDT 2026 =====
runner_pid=3366595
runner=RUNNING
processes:
3366595    02:31:25  0.0  0.0 bash logs/run_03_rf_true_labels_bg.sh
3366601    02:31:25  0.0  0.0 python3.11 /home/marc/Documents/pivlab/clamp-analyses/.conda/envs/clamp-analyses/bin/jupyter-nbconvert --to notebook --execute --inplace --ExecutePreprocessor.timeout=-1 nbs/03_model_biology/01_gtex/03_rf_true_labels/00_LV_importance_true_labels.ipynb
3366604    02:31:24 60.7  1.1 /home/marc/Documents/pivlab/clamp-analyses/.conda/envs/clamp-analyses/bin/python -m ipykernel_launcher -f /tmp/tmp5q69_ol4.json --HistoryManager.hist_file=:memory:
3384794       03:59 24.2  0.1 /home/marc/Documents/pivlab/clamp-analyses/.conda/envs/clamp-analyses/bin/python -m joblib.externals.loky.backend.popen_loky_posix --process-name LokyProcess-241 --pipe 81
3384795       03:59 22.9  0.1 /home/marc/Documents/pivlab/clamp-analyses/.conda/envs/clamp-analyses/bin/python -m joblib.externals.loky.backend.popen_loky_posix --process-name LokyProcess-242 --pipe 82
3384796       03:59 38.3  0.1 /home/marc/Documents/pivlab/clamp-analyses/.conda/envs/clamp-analyses/bin/python -m joblib.externals.loky.backend.popen_loky_posix --process-name LokyProcess-243 --pipe 83
3384797       03:59 34.4  0.1 /home/marc/Documents/pivlab/clamp-analyses/.conda/envs/clamp-analyses/bin/python -m joblib.externals.loky.backend.popen_loky_posix --process-name LokyProcess-244 --pipe 84
3384798       03:59 40.3  0.1 /home/marc/Documents/pivlab/clamp-analyses/.conda/envs/clamp-analyses/bin/python -m joblib.externals.loky.backend.popen_loky_posix --process-name LokyProcess-245 --pipe 85
3384799       03:59 34.6  0.1 /home/marc/Documents/pivlab/clamp-analyses/.conda/envs/clamp-analyses/bin/python -m joblib.externals.loky.backend.popen_loky_posix --process-name LokyProcess-246 --pipe 86
3384800       03:59 38.2  0.1 /home/marc/Documents/pivlab/clamp-analyses/.conda/envs/clamp-analyses/bin/python -m joblib.externals.loky.backend.popen_loky_posix --process-name LokyProcess-247 --pipe 87
3384801       03:59 32.0  0.1 /home/marc/Documents/pivlab/clamp-analyses/.conda/envs/clamp-analyses/bin/python -m joblib.externals.loky.backend.popen_loky_posix --process-name LokyProcess-248 --pipe 88
3384802       03:59 31.1  0.1 /home/marc/Documents/pivlab/clamp-analyses/.conda/envs/clamp-analyses/bin/python -m joblib.externals.loky.backend.popen_loky_posix --process-name LokyProcess-249 --pipe 89
3384803       03:59 30.9  0.1 /home/marc/Documents/pivlab/clamp-analyses/.conda/envs/clamp-analyses/bin/python -m joblib.externals.loky.backend.popen_loky_posix --process-name LokyProcess-250 --pipe 90
3384804       03:59 32.9  0.1 /home/marc/Documents/pivlab/clamp-analyses/.conda/envs/clamp-analyses/bin/python -m joblib.externals.loky.backend.popen_loky_posix --process-name LokyProcess-251 --pipe 91
3384805       03:59 31.3  0.1 /home/marc/Documents/pivlab/clamp-analyses/.conda/envs/clamp-analyses/bin/python -m joblib.externals.loky.backend.popen_loky_posix --process-name LokyProcess-252 --pipe 92
3384806       03:59 37.1  0.1 /home/marc/Documents/pivlab/clamp-analyses/.conda/envs/clamp-analyses/bin/python -m joblib.externals.loky.backend.popen_loky_posix --process-name LokyProcess-253 --pipe 93
3384807       03:59 34.1  0.1 /home/marc/Documents/pivlab/clamp-analyses/.conda/envs/clamp-analyses/bin/python -m joblib.externals.loky.backend.popen_loky_posix --process-name LokyProcess-254 --pipe 94
3384808       03:59 23.7  0.1 /home/marc/Documents/pivlab/clamp-analyses/.conda/envs/clamp-analyses/bin/python -m joblib.externals.loky.backend.popen_loky_posix --process-name LokyProcess-255 --pipe 95
3384809       03:59 36.5  0.1 /home/marc/Documents/pivlab/clamp-analyses/.conda/envs/clamp-analyses/bin/python -m joblib.externals.loky.backend.popen_loky_posix --process-name LokyProcess-256 --pipe 96
3384810       03:59 34.5  0.1 /home/marc/Documents/pivlab/clamp-analyses/.conda/envs/clamp-analyses/bin/python -m joblib.externals.loky.backend.popen_loky_posix --process-name LokyProcess-257 --pipe 97
3384811       03:59 34.6  0.1 /home/marc/Documents/pivlab/clamp-analyses/.conda/envs/clamp-analyses/bin/python -m joblib.externals.loky.backend.popen_loky_posix --process-name LokyProcess-258 --pipe 98
3384812       03:59 29.7  0.1 /home/marc/Documents/pivlab/clamp-analyses/.conda/envs/clamp-analyses/bin/python -m joblib.externals.loky.backend.popen_loky_posix --process-name LokyProcess-259 --pipe 99
3384813       03:59 37.2  0.1 /home/marc/Documents/pivlab/clamp-analyses/.conda/envs/clamp-analyses/bin/python -m joblib.externals.loky.backend.popen_loky_posix --process-name LokyProcess-260 --pipe 100
3384814       03:59 31.5  0.1 /home/marc/Documents/pivlab/clamp-analyses/.conda/envs/clamp-analyses/bin/python -m joblib.externals.loky.backend.popen_loky_posix --process-name LokyProcess-261 --pipe 101
3384815       03:59 34.0  0.1 /home/marc/Documents/pivlab/clamp-analyses/.conda/envs/clamp-analyses/bin/python -m joblib.externals.loky.backend.popen_loky_posix --process-name LokyProcess-262 --pipe 102
3384816       03:59 39.4  0.1 /home/marc/Documents/pivlab/clamp-analyses/.conda/envs/clamp-analyses/bin/python -m joblib.externals.loky.backend.popen_loky_posix --process-name LokyProcess-263 --pipe 103
3384817       03:59 22.4  0.0 /home/marc/Documents/pivlab/clamp-analyses/.conda/envs/clamp-analyses/bin/python -m joblib.externals.loky.backend.popen_loky_posix --process-name LokyProcess-264 --pipe 104
3384818       03:59 29.9  0.1 /home/marc/Documents/pivlab/clamp-analyses/.conda/envs/clamp-analyses/bin/python -m joblib.externals.loky.backend.popen_loky_posix --process-name LokyProcess-265 --pipe 104
3384819       03:59 30.4  0.1 /home/marc/Documents/pivlab/clamp-analyses/.conda/envs/clamp-analyses/bin/python -m joblib.externals.loky.backend.popen_loky_posix --process-name LokyProcess-266 --pipe 105
3384820       03:59 33.7  0.1 /home/marc/Documents/pivlab/clamp-analyses/.conda/envs/clamp-analyses/bin/python -m joblib.externals.loky.backend.popen_loky_posix --process-name LokyProcess-267 --pipe 106
3384821       03:59 38.7  0.1 /home/marc/Documents/pivlab/clamp-analyses/.conda/envs/clamp-analyses/bin/python -m joblib.externals.loky.backend.popen_loky_posix --process-name LokyProcess-268 --pipe 107
3384822       03:59 37.6  0.1 /home/marc/Documents/pivlab/clamp-analyses/.conda/envs/clamp-analyses/bin/python -m joblib.externals.loky.backend.popen_loky_posix --process-name LokyProcess-269 --pipe 108
3384823       03:59 34.4  0.1 /home/marc/Documents/pivlab/clamp-analyses/.conda/envs/clamp-analyses/bin/python -m joblib.externals.loky.backend.popen_loky_posix --process-name LokyProcess-270 --pipe 109
3384824       03:59 35.2  0.1 /home/marc/Documents/pivlab/clamp-analyses/.conda/envs/clamp-analyses/bin/python -m joblib.externals.loky.backend.popen_loky_posix --process-name LokyProcess-271 --pipe 110
3384825       03:59 21.9  0.1 /home/marc/Documents/pivlab/clamp-analyses/.conda/envs/clamp-analyses/bin/python -m joblib.externals.loky.backend.popen_loky_posix --process-name LokyProcess-272 --pipe 111
3384826       03:59 33.9  0.1 /home/marc/Documents/pivlab/clamp-analyses/.conda/envs/clamp-analyses/bin/python -m joblib.externals.loky.backend.popen_loky_posix --process-name LokyProcess-273 --pipe 112
3384827       03:59 31.2  0.1 /home/marc/Documents/pivlab/clamp-analyses/.conda/envs/clamp-analyses/bin/python -m joblib.externals.loky.backend.popen_loky_posix --process-name LokyProcess-274 --pipe 113
3384828       03:59 37.6  0.1 /home/marc/Documents/pivlab/clamp-analyses/.conda/envs/clamp-analyses/bin/python -m joblib.externals.loky.backend.popen_loky_posix --process-name LokyProcess-275 --pipe 114
3384829       03:59 39.4  0.0 /home/marc/Documents/pivlab/clamp-analyses/.conda/envs/clamp-analyses/bin/python -m joblib.externals.loky.backend.popen_loky_posix --process-name LokyProcess-276 --pipe 115
3384830       03:59 37.7  0.1 /home/marc/Documents/pivlab/clamp-analyses/.conda/envs/clamp-analyses/bin/python -m joblib.externals.loky.backend.popen_loky_posix --process-name LokyProcess-277 --pipe 116
3384831       03:59 34.4  0.1 /home/marc/Documents/pivlab/clamp-analyses/.conda/envs/clamp-analyses/bin/python -m joblib.externals.loky.backend.popen_loky_posix --process-name LokyProcess-278 --pipe 117
3384832       03:59 36.6  0.1 /home/marc/Documents/pivlab/clamp-analyses/.conda/envs/clamp-analyses/bin/python -m joblib.externals.loky.backend.popen_loky_posix --process-name LokyProcess-279 --pipe 118
3384833       03:59 22.4  0.1 /home/marc/Documents/pivlab/clamp-analyses/.conda/envs/clamp-analyses/bin/python -m joblib.externals.loky.backend.popen_loky_posix --process-name LokyProcess-280 --pipe 119
3384834       03:59 34.1  0.1 /home/marc/Documents/pivlab/clamp-analyses/.conda/envs/clamp-analyses/bin/python -m joblib.externals.loky.backend.popen_loky_posix --process-name LokyProcess-281 --pipe 120
3384835       03:59 33.2  0.1 /home/marc/Documents/pivlab/clamp-analyses/.conda/envs/clamp-analyses/bin/python -m joblib.externals.loky.backend.popen_loky_posix --process-name LokyProcess-282 --pipe 121
3384836       03:59 28.2  0.1 /home/marc/Documents/pivlab/clamp-analyses/.conda/envs/clamp-analyses/bin/python -m joblib.externals.loky.backend.popen_loky_posix --process-name LokyProcess-283 --pipe 122
3384837       03:59 35.1  0.1 /home/marc/Documents/pivlab/clamp-analyses/.conda/envs/clamp-analyses/bin/python -m joblib.externals.loky.backend.popen_loky_posix --process-name LokyProcess-284 --pipe 123
3384838       03:59 37.8  0.1 /home/marc/Documents/pivlab/clamp-analyses/.conda/envs/clamp-analyses/bin/python -m joblib.externals.loky.backend.popen_loky_posix --process-name LokyProcess-285 --pipe 124
3384839       03:59 31.9  0.1 /home/marc/Documents/pivlab/clamp-analyses/.conda/envs/clamp-analyses/bin/python -m joblib.externals.loky.backend.popen_loky_posix --process-name LokyProcess-286 --pipe 125
3384840       03:59 31.8  0.1 /home/marc/Documents/pivlab/clamp-analyses/.conda/envs/clamp-analyses/bin/python -m joblib.externals.loky.backend.popen_loky_posix --process-name LokyProcess-287 --pipe 126
3384841       03:59 33.7  0.1 /home/marc/Documents/pivlab/clamp-analyses/.conda/envs/clamp-analyses/bin/python -m joblib.externals.loky.backend.popen_loky_posix --process-name LokyProcess-288 --pipe 127
log_markers:
===== START nbs/03_model_biology/01_gtex/03_rf_true_labels/00_LV_importance_true_labels.ipynb Wed Jun 24 14:50:43 MDT 2026 =====
output_counts:
1
output/03_model_biology/01_gtex/03_rf_true_labels/01_LV_importance_true_labels_biology/phenomexcan_simplified_phenotypes_info.tsv.gz

===== STATUS Wed Jun 24 17:52:09 MDT 2026 =====
runner_pid=3366595
runner=RUNNING
processes:
3366595    03:01:25  0.0  0.0 bash logs/run_03_rf_true_labels_bg.sh
3366601    03:01:25  0.0  0.0 python3.11 /home/marc/Documents/pivlab/clamp-analyses/.conda/envs/clamp-analyses/bin/jupyter-nbconvert --to notebook --execute --inplace --ExecutePreprocessor.timeout=-1 nbs/03_model_biology/01_gtex/03_rf_true_labels/00_LV_importance_true_labels.ipynb
3366604    03:01:24 60.8  1.1 /home/marc/Documents/pivlab/clamp-analyses/.conda/envs/clamp-analyses/bin/python -m ipykernel_launcher -f /tmp/tmp5q69_ol4.json --HistoryManager.hist_file=:memory:
3386875       17:09 37.2  0.1 /home/marc/Documents/pivlab/clamp-analyses/.conda/envs/clamp-analyses/bin/python -m joblib.externals.loky.backend.popen_loky_posix --process-name LokyProcess-289 --pipe 81
3386876       17:09 34.6  0.1 /home/marc/Documents/pivlab/clamp-analyses/.conda/envs/clamp-analyses/bin/python -m joblib.externals.loky.backend.popen_loky_posix --process-name LokyProcess-290 --pipe 82
3386877       17:09 38.2  0.1 /home/marc/Documents/pivlab/clamp-analyses/.conda/envs/clamp-analyses/bin/python -m joblib.externals.loky.backend.popen_loky_posix --process-name LokyProcess-291 --pipe 83
3386878       17:09 29.9  0.1 /home/marc/Documents/pivlab/clamp-analyses/.conda/envs/clamp-analyses/bin/python -m joblib.externals.loky.backend.popen_loky_posix --process-name LokyProcess-292 --pipe 84
3386879       17:09 35.5  0.1 /home/marc/Documents/pivlab/clamp-analyses/.conda/envs/clamp-analyses/bin/python -m joblib.externals.loky.backend.popen_loky_posix --process-name LokyProcess-293 --pipe 85
3386880       17:09 29.1  0.1 /home/marc/Documents/pivlab/clamp-analyses/.conda/envs/clamp-analyses/bin/python -m joblib.externals.loky.backend.popen_loky_posix --process-name LokyProcess-294 --pipe 86
3386881       17:09 33.6  0.1 /home/marc/Documents/pivlab/clamp-analyses/.conda/envs/clamp-analyses/bin/python -m joblib.externals.loky.backend.popen_loky_posix --process-name LokyProcess-295 --pipe 87
3386882       17:09 39.4  0.1 /home/marc/Documents/pivlab/clamp-analyses/.conda/envs/clamp-analyses/bin/python -m joblib.externals.loky.backend.popen_loky_posix --process-name LokyProcess-296 --pipe 88
3386883       17:09 35.2  0.1 /home/marc/Documents/pivlab/clamp-analyses/.conda/envs/clamp-analyses/bin/python -m joblib.externals.loky.backend.popen_loky_posix --process-name LokyProcess-297 --pipe 89
3386884       17:09 34.5  0.1 /home/marc/Documents/pivlab/clamp-analyses/.conda/envs/clamp-analyses/bin/python -m joblib.externals.loky.backend.popen_loky_posix --process-name LokyProcess-298 --pipe 90
3386885       17:09 34.5  0.1 /home/marc/Documents/pivlab/clamp-analyses/.conda/envs/clamp-analyses/bin/python -m joblib.externals.loky.backend.popen_loky_posix --process-name LokyProcess-299 --pipe 91
3386886       17:09 27.0  0.1 /home/marc/Documents/pivlab/clamp-analyses/.conda/envs/clamp-analyses/bin/python -m joblib.externals.loky.backend.popen_loky_posix --process-name LokyProcess-300 --pipe 92
3386887       17:09 41.1  0.1 /home/marc/Documents/pivlab/clamp-analyses/.conda/envs/clamp-analyses/bin/python -m joblib.externals.loky.backend.popen_loky_posix --process-name LokyProcess-301 --pipe 93
3386888       17:09 31.0  0.1 /home/marc/Documents/pivlab/clamp-analyses/.conda/envs/clamp-analyses/bin/python -m joblib.externals.loky.backend.popen_loky_posix --process-name LokyProcess-302 --pipe 94
3386889       17:09 31.0  0.1 /home/marc/Documents/pivlab/clamp-analyses/.conda/envs/clamp-analyses/bin/python -m joblib.externals.loky.backend.popen_loky_posix --process-name LokyProcess-303 --pipe 95
3386890       17:09 33.4  0.1 /home/marc/Documents/pivlab/clamp-analyses/.conda/envs/clamp-analyses/bin/python -m joblib.externals.loky.backend.popen_loky_posix --process-name LokyProcess-304 --pipe 96
3386891       17:09 37.2  0.1 /home/marc/Documents/pivlab/clamp-analyses/.conda/envs/clamp-analyses/bin/python -m joblib.externals.loky.backend.popen_loky_posix --process-name LokyProcess-305 --pipe 97
3386892       17:09 29.8  0.1 /home/marc/Documents/pivlab/clamp-analyses/.conda/envs/clamp-analyses/bin/python -m joblib.externals.loky.backend.popen_loky_posix --process-name LokyProcess-306 --pipe 98
3386893       17:09 31.4  0.1 /home/marc/Documents/pivlab/clamp-analyses/.conda/envs/clamp-analyses/bin/python -m joblib.externals.loky.backend.popen_loky_posix --process-name LokyProcess-307 --pipe 99
3386894       17:09 29.2  0.1 /home/marc/Documents/pivlab/clamp-analyses/.conda/envs/clamp-analyses/bin/python -m joblib.externals.loky.backend.popen_loky_posix --process-name LokyProcess-308 --pipe 99
3386895       17:09 36.3  0.1 /home/marc/Documents/pivlab/clamp-analyses/.conda/envs/clamp-analyses/bin/python -m joblib.externals.loky.backend.popen_loky_posix --process-name LokyProcess-309 --pipe 100
3386896       17:09 34.4  0.1 /home/marc/Documents/pivlab/clamp-analyses/.conda/envs/clamp-analyses/bin/python -m joblib.externals.loky.backend.popen_loky_posix --process-name LokyProcess-310 --pipe 101
3386897       17:09 35.3  0.1 /home/marc/Documents/pivlab/clamp-analyses/.conda/envs/clamp-analyses/bin/python -m joblib.externals.loky.backend.popen_loky_posix --process-name LokyProcess-311 --pipe 102
3386898       17:09 32.2  0.1 /home/marc/Documents/pivlab/clamp-analyses/.conda/envs/clamp-analyses/bin/python -m joblib.externals.loky.backend.popen_loky_posix --process-name LokyProcess-312 --pipe 103
3386899       17:09 30.3  0.1 /home/marc/Documents/pivlab/clamp-analyses/.conda/envs/clamp-analyses/bin/python -m joblib.externals.loky.backend.popen_loky_posix --process-name LokyProcess-313 --pipe 104
3386900       17:09 31.4  0.1 /home/marc/Documents/pivlab/clamp-analyses/.conda/envs/clamp-analyses/bin/python -m joblib.externals.loky.backend.popen_loky_posix --process-name LokyProcess-314 --pipe 105
3386901       17:09 28.9  0.1 /home/marc/Documents/pivlab/clamp-analyses/.conda/envs/clamp-analyses/bin/python -m joblib.externals.loky.backend.popen_loky_posix --process-name LokyProcess-315 --pipe 106
3386902       17:09 32.4  0.1 /home/marc/Documents/pivlab/clamp-analyses/.conda/envs/clamp-analyses/bin/python -m joblib.externals.loky.backend.popen_loky_posix --process-name LokyProcess-316 --pipe 107
3386903       17:09 27.7  0.1 /home/marc/Documents/pivlab/clamp-analyses/.conda/envs/clamp-analyses/bin/python -m joblib.externals.loky.backend.popen_loky_posix --process-name LokyProcess-317 --pipe 108
3386904       17:09 34.6  0.1 /home/marc/Documents/pivlab/clamp-analyses/.conda/envs/clamp-analyses/bin/python -m joblib.externals.loky.backend.popen_loky_posix --process-name LokyProcess-318 --pipe 109
3386905       17:09 33.3  0.1 /home/marc/Documents/pivlab/clamp-analyses/.conda/envs/clamp-analyses/bin/python -m joblib.externals.loky.backend.popen_loky_posix --process-name LokyProcess-319 --pipe 110
3386906       17:09 27.1  0.1 /home/marc/Documents/pivlab/clamp-analyses/.conda/envs/clamp-analyses/bin/python -m joblib.externals.loky.backend.popen_loky_posix --process-name LokyProcess-320 --pipe 111
3386907       17:09 29.2  0.1 /home/marc/Documents/pivlab/clamp-analyses/.conda/envs/clamp-analyses/bin/python -m joblib.externals.loky.backend.popen_loky_posix --process-name LokyProcess-321 --pipe 112
3386908       17:09 26.0  0.1 /home/marc/Documents/pivlab/clamp-analyses/.conda/envs/clamp-analyses/bin/python -m joblib.externals.loky.backend.popen_loky_posix --process-name LokyProcess-322 --pipe 113
3386909       17:09 28.9  0.1 /home/marc/Documents/pivlab/clamp-analyses/.conda/envs/clamp-analyses/bin/python -m joblib.externals.loky.backend.popen_loky_posix --process-name LokyProcess-323 --pipe 114
3386910       17:09 32.7  0.1 /home/marc/Documents/pivlab/clamp-analyses/.conda/envs/clamp-analyses/bin/python -m joblib.externals.loky.backend.popen_loky_posix --process-name LokyProcess-324 --pipe 115
3386911       17:09 33.4  0.1 /home/marc/Documents/pivlab/clamp-analyses/.conda/envs/clamp-analyses/bin/python -m joblib.externals.loky.backend.popen_loky_posix --process-name LokyProcess-325 --pipe 116
3386912       17:09 36.3  0.1 /home/marc/Documents/pivlab/clamp-analyses/.conda/envs/clamp-analyses/bin/python -m joblib.externals.loky.backend.popen_loky_posix --process-name LokyProcess-326 --pipe 117
3386913       17:09 35.0  0.1 /home/marc/Documents/pivlab/clamp-analyses/.conda/envs/clamp-analyses/bin/python -m joblib.externals.loky.backend.popen_loky_posix --process-name LokyProcess-327 --pipe 118
3386914       17:09 35.7  0.1 /home/marc/Documents/pivlab/clamp-analyses/.conda/envs/clamp-analyses/bin/python -m joblib.externals.loky.backend.popen_loky_posix --process-name LokyProcess-328 --pipe 119
3386915       17:09 26.4  0.1 /home/marc/Documents/pivlab/clamp-analyses/.conda/envs/clamp-analyses/bin/python -m joblib.externals.loky.backend.popen_loky_posix --process-name LokyProcess-329 --pipe 120
3386916       17:09 32.1  0.1 /home/marc/Documents/pivlab/clamp-analyses/.conda/envs/clamp-analyses/bin/python -m joblib.externals.loky.backend.popen_loky_posix --process-name LokyProcess-330 --pipe 121
3386917       17:09 31.7  0.1 /home/marc/Documents/pivlab/clamp-analyses/.conda/envs/clamp-analyses/bin/python -m joblib.externals.loky.backend.popen_loky_posix --process-name LokyProcess-331 --pipe 122
3386918       17:09 31.3  0.1 /home/marc/Documents/pivlab/clamp-analyses/.conda/envs/clamp-analyses/bin/python -m joblib.externals.loky.backend.popen_loky_posix --process-name LokyProcess-332 --pipe 123
3386919       17:09 30.8  0.1 /home/marc/Documents/pivlab/clamp-analyses/.conda/envs/clamp-analyses/bin/python -m joblib.externals.loky.backend.popen_loky_posix --process-name LokyProcess-333 --pipe 124
3386920       17:09 38.6  0.1 /home/marc/Documents/pivlab/clamp-analyses/.conda/envs/clamp-analyses/bin/python -m joblib.externals.loky.backend.popen_loky_posix --process-name LokyProcess-334 --pipe 125
3386921       17:09 35.1  0.1 /home/marc/Documents/pivlab/clamp-analyses/.conda/envs/clamp-analyses/bin/python -m joblib.externals.loky.backend.popen_loky_posix --process-name LokyProcess-335 --pipe 126
3386922       17:09 31.5  0.1 /home/marc/Documents/pivlab/clamp-analyses/.conda/envs/clamp-analyses/bin/python -m joblib.externals.loky.backend.popen_loky_posix --process-name LokyProcess-336 --pipe 127
log_markers:
===== START nbs/03_model_biology/01_gtex/03_rf_true_labels/00_LV_importance_true_labels.ipynb Wed Jun 24 14:50:43 MDT 2026 =====
output_counts:
1
output/03_model_biology/01_gtex/03_rf_true_labels/01_LV_importance_true_labels_biology/phenomexcan_simplified_phenotypes_info.tsv.gz

===== STATUS Wed Jun 24 18:22:09 MDT 2026 =====
runner_pid=3366595
runner=RUNNING
processes:
3366595    03:31:25  0.0  0.0 bash logs/run_03_rf_true_labels_bg.sh
3366601    03:31:25  0.0  0.0 python3.11 /home/marc/Documents/pivlab/clamp-analyses/.conda/envs/clamp-analyses/bin/jupyter-nbconvert --to notebook --execute --inplace --ExecutePreprocessor.timeout=-1 nbs/03_model_biology/01_gtex/03_rf_true_labels/00_LV_importance_true_labels.ipynb
3366604    03:31:24 60.3  1.1 /home/marc/Documents/pivlab/clamp-analyses/.conda/envs/clamp-analyses/bin/python -m ipykernel_launcher -f /tmp/tmp5q69_ol4.json --HistoryManager.hist_file=:memory:
3386875       47:09 30.0  0.1 /home/marc/Documents/pivlab/clamp-analyses/.conda/envs/clamp-analyses/bin/python -m joblib.externals.loky.backend.popen_loky_posix --process-name LokyProcess-289 --pipe 81
3386876       47:09 28.4  0.1 /home/marc/Documents/pivlab/clamp-analyses/.conda/envs/clamp-analyses/bin/python -m joblib.externals.loky.backend.popen_loky_posix --process-name LokyProcess-290 --pipe 82
3386877       47:09 26.9  0.1 /home/marc/Documents/pivlab/clamp-analyses/.conda/envs/clamp-analyses/bin/python -m joblib.externals.loky.backend.popen_loky_posix --process-name LokyProcess-291 --pipe 83
3386878       47:09 25.8  0.1 /home/marc/Documents/pivlab/clamp-analyses/.conda/envs/clamp-analyses/bin/python -m joblib.externals.loky.backend.popen_loky_posix --process-name LokyProcess-292 --pipe 84
3386879       47:09 28.0  0.1 /home/marc/Documents/pivlab/clamp-analyses/.conda/envs/clamp-analyses/bin/python -m joblib.externals.loky.backend.popen_loky_posix --process-name LokyProcess-293 --pipe 85
3386880       47:09 28.0  0.1 /home/marc/Documents/pivlab/clamp-analyses/.conda/envs/clamp-analyses/bin/python -m joblib.externals.loky.backend.popen_loky_posix --process-name LokyProcess-294 --pipe 86
3386881       47:09 27.7  0.1 /home/marc/Documents/pivlab/clamp-analyses/.conda/envs/clamp-analyses/bin/python -m joblib.externals.loky.backend.popen_loky_posix --process-name LokyProcess-295 --pipe 87
3386882       47:09 30.2  0.1 /home/marc/Documents/pivlab/clamp-analyses/.conda/envs/clamp-analyses/bin/python -m joblib.externals.loky.backend.popen_loky_posix --process-name LokyProcess-296 --pipe 88
3386883       47:09 26.9  0.1 /home/marc/Documents/pivlab/clamp-analyses/.conda/envs/clamp-analyses/bin/python -m joblib.externals.loky.backend.popen_loky_posix --process-name LokyProcess-297 --pipe 89
3386884       47:09 26.3  0.1 /home/marc/Documents/pivlab/clamp-analyses/.conda/envs/clamp-analyses/bin/python -m joblib.externals.loky.backend.popen_loky_posix --process-name LokyProcess-298 --pipe 90
3386885       47:09 30.2  0.1 /home/marc/Documents/pivlab/clamp-analyses/.conda/envs/clamp-analyses/bin/python -m joblib.externals.loky.backend.popen_loky_posix --process-name LokyProcess-299 --pipe 91
3386886       47:09 23.3  0.1 /home/marc/Documents/pivlab/clamp-analyses/.conda/envs/clamp-analyses/bin/python -m joblib.externals.loky.backend.popen_loky_posix --process-name LokyProcess-300 --pipe 92
3386887       47:09 30.2  0.1 /home/marc/Documents/pivlab/clamp-analyses/.conda/envs/clamp-analyses/bin/python -m joblib.externals.loky.backend.popen_loky_posix --process-name LokyProcess-301 --pipe 93
3386888       47:09 25.5  0.1 /home/marc/Documents/pivlab/clamp-analyses/.conda/envs/clamp-analyses/bin/python -m joblib.externals.loky.backend.popen_loky_posix --process-name LokyProcess-302 --pipe 94
3386889       47:09 27.6  0.1 /home/marc/Documents/pivlab/clamp-analyses/.conda/envs/clamp-analyses/bin/python -m joblib.externals.loky.backend.popen_loky_posix --process-name LokyProcess-303 --pipe 95
3386890       47:09 27.3  0.1 /home/marc/Documents/pivlab/clamp-analyses/.conda/envs/clamp-analyses/bin/python -m joblib.externals.loky.backend.popen_loky_posix --process-name LokyProcess-304 --pipe 96
3386891       47:09 27.8  0.1 /home/marc/Documents/pivlab/clamp-analyses/.conda/envs/clamp-analyses/bin/python -m joblib.externals.loky.backend.popen_loky_posix --process-name LokyProcess-305 --pipe 97
3386892       47:09 24.7  0.1 /home/marc/Documents/pivlab/clamp-analyses/.conda/envs/clamp-analyses/bin/python -m joblib.externals.loky.backend.popen_loky_posix --process-name LokyProcess-306 --pipe 98
3386893       47:09 29.0  0.1 /home/marc/Documents/pivlab/clamp-analyses/.conda/envs/clamp-analyses/bin/python -m joblib.externals.loky.backend.popen_loky_posix --process-name LokyProcess-307 --pipe 99
3386894       47:09 24.6  0.1 /home/marc/Documents/pivlab/clamp-analyses/.conda/envs/clamp-analyses/bin/python -m joblib.externals.loky.backend.popen_loky_posix --process-name LokyProcess-308 --pipe 99
3386895       47:09 33.2  0.1 /home/marc/Documents/pivlab/clamp-analyses/.conda/envs/clamp-analyses/bin/python -m joblib.externals.loky.backend.popen_loky_posix --process-name LokyProcess-309 --pipe 100
3386896       47:09 27.2  0.1 /home/marc/Documents/pivlab/clamp-analyses/.conda/envs/clamp-analyses/bin/python -m joblib.externals.loky.backend.popen_loky_posix --process-name LokyProcess-310 --pipe 101
3386897       47:09 26.8  0.1 /home/marc/Documents/pivlab/clamp-analyses/.conda/envs/clamp-analyses/bin/python -m joblib.externals.loky.backend.popen_loky_posix --process-name LokyProcess-311 --pipe 102
3386898       47:09 26.6  0.1 /home/marc/Documents/pivlab/clamp-analyses/.conda/envs/clamp-analyses/bin/python -m joblib.externals.loky.backend.popen_loky_posix --process-name LokyProcess-312 --pipe 103
3386899       47:09 26.7  0.1 /home/marc/Documents/pivlab/clamp-analyses/.conda/envs/clamp-analyses/bin/python -m joblib.externals.loky.backend.popen_loky_posix --process-name LokyProcess-313 --pipe 104
3386900       47:09 26.4  0.1 /home/marc/Documents/pivlab/clamp-analyses/.conda/envs/clamp-analyses/bin/python -m joblib.externals.loky.backend.popen_loky_posix --process-name LokyProcess-314 --pipe 105
3386901       47:09 26.6  0.1 /home/marc/Documents/pivlab/clamp-analyses/.conda/envs/clamp-analyses/bin/python -m joblib.externals.loky.backend.popen_loky_posix --process-name LokyProcess-315 --pipe 106
3386902       47:09 25.7  0.1 /home/marc/Documents/pivlab/clamp-analyses/.conda/envs/clamp-analyses/bin/python -m joblib.externals.loky.backend.popen_loky_posix --process-name LokyProcess-316 --pipe 107
3386903       47:09 28.1  0.1 /home/marc/Documents/pivlab/clamp-analyses/.conda/envs/clamp-analyses/bin/python -m joblib.externals.loky.backend.popen_loky_posix --process-name LokyProcess-317 --pipe 108
3386904       47:09 31.0  0.1 /home/marc/Documents/pivlab/clamp-analyses/.conda/envs/clamp-analyses/bin/python -m joblib.externals.loky.backend.popen_loky_posix --process-name LokyProcess-318 --pipe 109
3386905       47:09 29.4  0.1 /home/marc/Documents/pivlab/clamp-analyses/.conda/envs/clamp-analyses/bin/python -m joblib.externals.loky.backend.popen_loky_posix --process-name LokyProcess-319 --pipe 110
3386906       47:09 23.2  0.1 /home/marc/Documents/pivlab/clamp-analyses/.conda/envs/clamp-analyses/bin/python -m joblib.externals.loky.backend.popen_loky_posix --process-name LokyProcess-320 --pipe 111
3386907       47:09 24.0  0.1 /home/marc/Documents/pivlab/clamp-analyses/.conda/envs/clamp-analyses/bin/python -m joblib.externals.loky.backend.popen_loky_posix --process-name LokyProcess-321 --pipe 112
3386908       47:09 24.3  0.1 /home/marc/Documents/pivlab/clamp-analyses/.conda/envs/clamp-analyses/bin/python -m joblib.externals.loky.backend.popen_loky_posix --process-name LokyProcess-322 --pipe 113
3386909       47:09 23.2  0.1 /home/marc/Documents/pivlab/clamp-analyses/.conda/envs/clamp-analyses/bin/python -m joblib.externals.loky.backend.popen_loky_posix --process-name LokyProcess-323 --pipe 114
3386910       47:09 28.7  0.1 /home/marc/Documents/pivlab/clamp-analyses/.conda/envs/clamp-analyses/bin/python -m joblib.externals.loky.backend.popen_loky_posix --process-name LokyProcess-324 --pipe 115
3386911       47:09 24.6  0.1 /home/marc/Documents/pivlab/clamp-analyses/.conda/envs/clamp-analyses/bin/python -m joblib.externals.loky.backend.popen_loky_posix --process-name LokyProcess-325 --pipe 116
3386912       47:09 27.4  0.1 /home/marc/Documents/pivlab/clamp-analyses/.conda/envs/clamp-analyses/bin/python -m joblib.externals.loky.backend.popen_loky_posix --process-name LokyProcess-326 --pipe 117
3386913       47:09 25.7  0.1 /home/marc/Documents/pivlab/clamp-analyses/.conda/envs/clamp-analyses/bin/python -m joblib.externals.loky.backend.popen_loky_posix --process-name LokyProcess-327 --pipe 118
3386914       47:09 27.6  0.1 /home/marc/Documents/pivlab/clamp-analyses/.conda/envs/clamp-analyses/bin/python -m joblib.externals.loky.backend.popen_loky_posix --process-name LokyProcess-328 --pipe 119
3386915       47:09 24.6  0.1 /home/marc/Documents/pivlab/clamp-analyses/.conda/envs/clamp-analyses/bin/python -m joblib.externals.loky.backend.popen_loky_posix --process-name LokyProcess-329 --pipe 120
3386916       47:09 30.0  0.1 /home/marc/Documents/pivlab/clamp-analyses/.conda/envs/clamp-analyses/bin/python -m joblib.externals.loky.backend.popen_loky_posix --process-name LokyProcess-330 --pipe 121
3386917       47:09 29.3  0.1 /home/marc/Documents/pivlab/clamp-analyses/.conda/envs/clamp-analyses/bin/python -m joblib.externals.loky.backend.popen_loky_posix --process-name LokyProcess-331 --pipe 122
3386918       47:09 30.6  0.1 /home/marc/Documents/pivlab/clamp-analyses/.conda/envs/clamp-analyses/bin/python -m joblib.externals.loky.backend.popen_loky_posix --process-name LokyProcess-332 --pipe 123
3386919       47:09 27.2  0.1 /home/marc/Documents/pivlab/clamp-analyses/.conda/envs/clamp-analyses/bin/python -m joblib.externals.loky.backend.popen_loky_posix --process-name LokyProcess-333 --pipe 124
3386920       47:09 29.9  0.1 /home/marc/Documents/pivlab/clamp-analyses/.conda/envs/clamp-analyses/bin/python -m joblib.externals.loky.backend.popen_loky_posix --process-name LokyProcess-334 --pipe 125
3386921       47:09 30.1  0.1 /home/marc/Documents/pivlab/clamp-analyses/.conda/envs/clamp-analyses/bin/python -m joblib.externals.loky.backend.popen_loky_posix --process-name LokyProcess-335 --pipe 126
3386922       47:09 25.9  0.1 /home/marc/Documents/pivlab/clamp-analyses/.conda/envs/clamp-analyses/bin/python -m joblib.externals.loky.backend.popen_loky_posix --process-name LokyProcess-336 --pipe 127
log_markers:
===== START nbs/03_model_biology/01_gtex/03_rf_true_labels/00_LV_importance_true_labels.ipynb Wed Jun 24 14:50:43 MDT 2026 =====
output_counts:
1
output/03_model_biology/01_gtex/03_rf_true_labels/01_LV_importance_true_labels_biology/phenomexcan_simplified_phenotypes_info.tsv.gz

===== STATUS Wed Jun 24 18:52:09 MDT 2026 =====
runner_pid=3366595
runner=RUNNING
processes:
3366595    04:01:26  0.0  0.0 bash logs/run_03_rf_true_labels_bg.sh
3366601    04:01:26  0.0  0.0 python3.11 /home/marc/Documents/pivlab/clamp-analyses/.conda/envs/clamp-analyses/bin/jupyter-nbconvert --to notebook --execute --inplace --ExecutePreprocessor.timeout=-1 nbs/03_model_biology/01_gtex/03_rf_true_labels/00_LV_importance_true_labels.ipynb
3366604    04:01:24 57.4  1.1 /home/marc/Documents/pivlab/clamp-analyses/.conda/envs/clamp-analyses/bin/python -m ipykernel_launcher -f /tmp/tmp5q69_ol4.json --HistoryManager.hist_file=:memory:
3386875    01:17:10 30.3  0.1 /home/marc/Documents/pivlab/clamp-analyses/.conda/envs/clamp-analyses/bin/python -m joblib.externals.loky.backend.popen_loky_posix --process-name LokyProcess-289 --pipe 81
3386876    01:17:10 32.0  0.1 /home/marc/Documents/pivlab/clamp-analyses/.conda/envs/clamp-analyses/bin/python -m joblib.externals.loky.backend.popen_loky_posix --process-name LokyProcess-290 --pipe 82
3386877    01:17:10 29.6  0.1 /home/marc/Documents/pivlab/clamp-analyses/.conda/envs/clamp-analyses/bin/python -m joblib.externals.loky.backend.popen_loky_posix --process-name LokyProcess-291 --pipe 83
3386878    01:17:10 30.6  0.1 /home/marc/Documents/pivlab/clamp-analyses/.conda/envs/clamp-analyses/bin/python -m joblib.externals.loky.backend.popen_loky_posix --process-name LokyProcess-292 --pipe 84
3386879    01:17:10 32.7  0.1 /home/marc/Documents/pivlab/clamp-analyses/.conda/envs/clamp-analyses/bin/python -m joblib.externals.loky.backend.popen_loky_posix --process-name LokyProcess-293 --pipe 85
3386880    01:17:10 31.6  0.1 /home/marc/Documents/pivlab/clamp-analyses/.conda/envs/clamp-analyses/bin/python -m joblib.externals.loky.backend.popen_loky_posix --process-name LokyProcess-294 --pipe 86
3386881    01:17:10 30.7  0.1 /home/marc/Documents/pivlab/clamp-analyses/.conda/envs/clamp-analyses/bin/python -m joblib.externals.loky.backend.popen_loky_posix --process-name LokyProcess-295 --pipe 87
3386882    01:17:10 32.2  0.1 /home/marc/Documents/pivlab/clamp-analyses/.conda/envs/clamp-analyses/bin/python -m joblib.externals.loky.backend.popen_loky_posix --process-name LokyProcess-296 --pipe 88
3386883    01:17:10 30.1  0.1 /home/marc/Documents/pivlab/clamp-analyses/.conda/envs/clamp-analyses/bin/python -m joblib.externals.loky.backend.popen_loky_posix --process-name LokyProcess-297 --pipe 89
3386884    01:17:10 30.9  0.1 /home/marc/Documents/pivlab/clamp-analyses/.conda/envs/clamp-analyses/bin/python -m joblib.externals.loky.backend.popen_loky_posix --process-name LokyProcess-298 --pipe 90
3386885    01:17:10 34.0  0.1 /home/marc/Documents/pivlab/clamp-analyses/.conda/envs/clamp-analyses/bin/python -m joblib.externals.loky.backend.popen_loky_posix --process-name LokyProcess-299 --pipe 91
3386886    01:17:10 27.5  0.1 /home/marc/Documents/pivlab/clamp-analyses/.conda/envs/clamp-analyses/bin/python -m joblib.externals.loky.backend.popen_loky_posix --process-name LokyProcess-300 --pipe 92
3386887    01:17:10 33.6  0.1 /home/marc/Documents/pivlab/clamp-analyses/.conda/envs/clamp-analyses/bin/python -m joblib.externals.loky.backend.popen_loky_posix --process-name LokyProcess-301 --pipe 93
3386888    01:17:10 32.5  0.1 /home/marc/Documents/pivlab/clamp-analyses/.conda/envs/clamp-analyses/bin/python -m joblib.externals.loky.backend.popen_loky_posix --process-name LokyProcess-302 --pipe 94
3386889    01:17:10 30.6  0.1 /home/marc/Documents/pivlab/clamp-analyses/.conda/envs/clamp-analyses/bin/python -m joblib.externals.loky.backend.popen_loky_posix --process-name LokyProcess-303 --pipe 95
3386890    01:17:10 30.3  0.1 /home/marc/Documents/pivlab/clamp-analyses/.conda/envs/clamp-analyses/bin/python -m joblib.externals.loky.backend.popen_loky_posix --process-name LokyProcess-304 --pipe 96
3386891    01:17:10 32.7  0.1 /home/marc/Documents/pivlab/clamp-analyses/.conda/envs/clamp-analyses/bin/python -m joblib.externals.loky.backend.popen_loky_posix --process-name LokyProcess-305 --pipe 97
3386892    01:17:10 30.1  0.1 /home/marc/Documents/pivlab/clamp-analyses/.conda/envs/clamp-analyses/bin/python -m joblib.externals.loky.backend.popen_loky_posix --process-name LokyProcess-306 --pipe 98
3386893    01:17:10 33.1  0.1 /home/marc/Documents/pivlab/clamp-analyses/.conda/envs/clamp-analyses/bin/python -m joblib.externals.loky.backend.popen_loky_posix --process-name LokyProcess-307 --pipe 99
3386894    01:17:10 28.1  0.1 /home/marc/Documents/pivlab/clamp-analyses/.conda/envs/clamp-analyses/bin/python -m joblib.externals.loky.backend.popen_loky_posix --process-name LokyProcess-308 --pipe 99
3386895    01:17:10 35.8  0.1 /home/marc/Documents/pivlab/clamp-analyses/.conda/envs/clamp-analyses/bin/python -m joblib.externals.loky.backend.popen_loky_posix --process-name LokyProcess-309 --pipe 100
3386896    01:17:10 29.0  0.1 /home/marc/Documents/pivlab/clamp-analyses/.conda/envs/clamp-analyses/bin/python -m joblib.externals.loky.backend.popen_loky_posix --process-name LokyProcess-310 --pipe 101
3386897    01:17:10 32.0  0.1 /home/marc/Documents/pivlab/clamp-analyses/.conda/envs/clamp-analyses/bin/python -m joblib.externals.loky.backend.popen_loky_posix --process-name LokyProcess-311 --pipe 102
3386898    01:17:10 30.2  0.1 /home/marc/Documents/pivlab/clamp-analyses/.conda/envs/clamp-analyses/bin/python -m joblib.externals.loky.backend.popen_loky_posix --process-name LokyProcess-312 --pipe 103
3386899    01:17:10 29.8  0.1 /home/marc/Documents/pivlab/clamp-analyses/.conda/envs/clamp-analyses/bin/python -m joblib.externals.loky.backend.popen_loky_posix --process-name LokyProcess-313 --pipe 104
3386900    01:17:10 31.1  0.1 /home/marc/Documents/pivlab/clamp-analyses/.conda/envs/clamp-analyses/bin/python -m joblib.externals.loky.backend.popen_loky_posix --process-name LokyProcess-314 --pipe 105
3386901    01:17:10 30.6  0.1 /home/marc/Documents/pivlab/clamp-analyses/.conda/envs/clamp-analyses/bin/python -m joblib.externals.loky.backend.popen_loky_posix --process-name LokyProcess-315 --pipe 106
3386902    01:17:10 29.8  0.1 /home/marc/Documents/pivlab/clamp-analyses/.conda/envs/clamp-analyses/bin/python -m joblib.externals.loky.backend.popen_loky_posix --process-name LokyProcess-316 --pipe 107
3386903    01:17:10 31.3  0.1 /home/marc/Documents/pivlab/clamp-analyses/.conda/envs/clamp-analyses/bin/python -m joblib.externals.loky.backend.popen_loky_posix --process-name LokyProcess-317 --pipe 108
3386904    01:17:10 33.2  0.1 /home/marc/Documents/pivlab/clamp-analyses/.conda/envs/clamp-analyses/bin/python -m joblib.externals.loky.backend.popen_loky_posix --process-name LokyProcess-318 --pipe 109
3386905    01:17:10 31.6  0.1 /home/marc/Documents/pivlab/clamp-analyses/.conda/envs/clamp-analyses/bin/python -m joblib.externals.loky.backend.popen_loky_posix --process-name LokyProcess-319 --pipe 110
3386906    01:17:10 26.6  0.1 /home/marc/Documents/pivlab/clamp-analyses/.conda/envs/clamp-analyses/bin/python -m joblib.externals.loky.backend.popen_loky_posix --process-name LokyProcess-320 --pipe 111
3386907    01:17:10 28.8  0.1 /home/marc/Documents/pivlab/clamp-analyses/.conda/envs/clamp-analyses/bin/python -m joblib.externals.loky.backend.popen_loky_posix --process-name LokyProcess-321 --pipe 112
3386908    01:17:10 30.2  0.1 /home/marc/Documents/pivlab/clamp-analyses/.conda/envs/clamp-analyses/bin/python -m joblib.externals.loky.backend.popen_loky_posix --process-name LokyProcess-322 --pipe 113
3386909    01:17:10 29.9  0.1 /home/marc/Documents/pivlab/clamp-analyses/.conda/envs/clamp-analyses/bin/python -m joblib.externals.loky.backend.popen_loky_posix --process-name LokyProcess-323 --pipe 114
3386910    01:17:10 29.6  0.1 /home/marc/Documents/pivlab/clamp-analyses/.conda/envs/clamp-analyses/bin/python -m joblib.externals.loky.backend.popen_loky_posix --process-name LokyProcess-324 --pipe 115
3386911    01:17:10 28.8  0.1 /home/marc/Documents/pivlab/clamp-analyses/.conda/envs/clamp-analyses/bin/python -m joblib.externals.loky.backend.popen_loky_posix --process-name LokyProcess-325 --pipe 116
3386912    01:17:10 30.1  0.1 /home/marc/Documents/pivlab/clamp-analyses/.conda/envs/clamp-analyses/bin/python -m joblib.externals.loky.backend.popen_loky_posix --process-name LokyProcess-326 --pipe 117
3386913    01:17:10 29.9  0.1 /home/marc/Documents/pivlab/clamp-analyses/.conda/envs/clamp-analyses/bin/python -m joblib.externals.loky.backend.popen_loky_posix --process-name LokyProcess-327 --pipe 118
3386914    01:17:10 31.4  0.1 /home/marc/Documents/pivlab/clamp-analyses/.conda/envs/clamp-analyses/bin/python -m joblib.externals.loky.backend.popen_loky_posix --process-name LokyProcess-328 --pipe 119
3386915    01:17:10 27.5  0.1 /home/marc/Documents/pivlab/clamp-analyses/.conda/envs/clamp-analyses/bin/python -m joblib.externals.loky.backend.popen_loky_posix --process-name LokyProcess-329 --pipe 120
3386916    01:17:10 31.7  0.1 /home/marc/Documents/pivlab/clamp-analyses/.conda/envs/clamp-analyses/bin/python -m joblib.externals.loky.backend.popen_loky_posix --process-name LokyProcess-330 --pipe 121
3386917    01:17:10 29.3  0.1 /home/marc/Documents/pivlab/clamp-analyses/.conda/envs/clamp-analyses/bin/python -m joblib.externals.loky.backend.popen_loky_posix --process-name LokyProcess-331 --pipe 122
3386918    01:17:10 34.3  0.1 /home/marc/Documents/pivlab/clamp-analyses/.conda/envs/clamp-analyses/bin/python -m joblib.externals.loky.backend.popen_loky_posix --process-name LokyProcess-332 --pipe 123
3386919    01:17:10 32.3  0.1 /home/marc/Documents/pivlab/clamp-analyses/.conda/envs/clamp-analyses/bin/python -m joblib.externals.loky.backend.popen_loky_posix --process-name LokyProcess-333 --pipe 124
3386920    01:17:10 33.0  0.1 /home/marc/Documents/pivlab/clamp-analyses/.conda/envs/clamp-analyses/bin/python -m joblib.externals.loky.backend.popen_loky_posix --process-name LokyProcess-334 --pipe 125
3386921    01:17:10 32.9  0.1 /home/marc/Documents/pivlab/clamp-analyses/.conda/envs/clamp-analyses/bin/python -m joblib.externals.loky.backend.popen_loky_posix --process-name LokyProcess-335 --pipe 126
3386922    01:17:10 29.3  0.1 /home/marc/Documents/pivlab/clamp-analyses/.conda/envs/clamp-analyses/bin/python -m joblib.externals.loky.backend.popen_loky_posix --process-name LokyProcess-336 --pipe 127
log_markers:
===== START nbs/03_model_biology/01_gtex/03_rf_true_labels/00_LV_importance_true_labels.ipynb Wed Jun 24 14:50:43 MDT 2026 =====
output_counts:
1
output/03_model_biology/01_gtex/03_rf_true_labels/01_LV_importance_true_labels_biology/phenomexcan_simplified_phenotypes_info.tsv.gz

===== STATUS Wed Jun 24 19:22:09 MDT 2026 =====
runner_pid=3366595
runner=RUNNING
processes:
3366595    04:31:26  0.0  0.0 bash logs/run_03_rf_true_labels_bg.sh
3366601    04:31:26  0.0  0.0 python3.11 /home/marc/Documents/pivlab/clamp-analyses/.conda/envs/clamp-analyses/bin/jupyter-nbconvert --to notebook --execute --inplace --ExecutePreprocessor.timeout=-1 nbs/03_model_biology/01_gtex/03_rf_true_labels/00_LV_importance_true_labels.ipynb
3366604    04:31:25 55.4  1.2 /home/marc/Documents/pivlab/clamp-analyses/.conda/envs/clamp-analyses/bin/python -m ipykernel_launcher -f /tmp/tmp5q69_ol4.json --HistoryManager.hist_file=:memory:
3386875    01:47:10 34.1  0.1 /home/marc/Documents/pivlab/clamp-analyses/.conda/envs/clamp-analyses/bin/python -m joblib.externals.loky.backend.popen_loky_posix --process-name LokyProcess-289 --pipe 81
3386876    01:47:10 33.5  0.1 /home/marc/Documents/pivlab/clamp-analyses/.conda/envs/clamp-analyses/bin/python -m joblib.externals.loky.backend.popen_loky_posix --process-name LokyProcess-290 --pipe 82
3386877    01:47:10 32.8  0.1 /home/marc/Documents/pivlab/clamp-analyses/.conda/envs/clamp-analyses/bin/python -m joblib.externals.loky.backend.popen_loky_posix --process-name LokyProcess-291 --pipe 83
3386878    01:47:10 31.7  0.1 /home/marc/Documents/pivlab/clamp-analyses/.conda/envs/clamp-analyses/bin/python -m joblib.externals.loky.backend.popen_loky_posix --process-name LokyProcess-292 --pipe 84
3386879    01:47:10 33.8  0.1 /home/marc/Documents/pivlab/clamp-analyses/.conda/envs/clamp-analyses/bin/python -m joblib.externals.loky.backend.popen_loky_posix --process-name LokyProcess-293 --pipe 85
3386880    01:47:10 33.4  0.1 /home/marc/Documents/pivlab/clamp-analyses/.conda/envs/clamp-analyses/bin/python -m joblib.externals.loky.backend.popen_loky_posix --process-name LokyProcess-294 --pipe 86
3386881    01:47:10 32.8  0.1 /home/marc/Documents/pivlab/clamp-analyses/.conda/envs/clamp-analyses/bin/python -m joblib.externals.loky.backend.popen_loky_posix --process-name LokyProcess-295 --pipe 87
3386882    01:47:10 33.5  0.1 /home/marc/Documents/pivlab/clamp-analyses/.conda/envs/clamp-analyses/bin/python -m joblib.externals.loky.backend.popen_loky_posix --process-name LokyProcess-296 --pipe 88
3386883    01:47:10 32.2  0.1 /home/marc/Documents/pivlab/clamp-analyses/.conda/envs/clamp-analyses/bin/python -m joblib.externals.loky.backend.popen_loky_posix --process-name LokyProcess-297 --pipe 89
3386884    01:47:10 32.2  0.1 /home/marc/Documents/pivlab/clamp-analyses/.conda/envs/clamp-analyses/bin/python -m joblib.externals.loky.backend.popen_loky_posix --process-name LokyProcess-298 --pipe 90
3386885    01:47:10 34.9  0.1 /home/marc/Documents/pivlab/clamp-analyses/.conda/envs/clamp-analyses/bin/python -m joblib.externals.loky.backend.popen_loky_posix --process-name LokyProcess-299 --pipe 91
3386886    01:47:10 32.0  0.1 /home/marc/Documents/pivlab/clamp-analyses/.conda/envs/clamp-analyses/bin/python -m joblib.externals.loky.backend.popen_loky_posix --process-name LokyProcess-300 --pipe 92
3386887    01:47:10 34.5  0.1 /home/marc/Documents/pivlab/clamp-analyses/.conda/envs/clamp-analyses/bin/python -m joblib.externals.loky.backend.popen_loky_posix --process-name LokyProcess-301 --pipe 93
3386888    01:47:10 34.3  0.1 /home/marc/Documents/pivlab/clamp-analyses/.conda/envs/clamp-analyses/bin/python -m joblib.externals.loky.backend.popen_loky_posix --process-name LokyProcess-302 --pipe 94
3386889    01:47:10 33.4  0.1 /home/marc/Documents/pivlab/clamp-analyses/.conda/envs/clamp-analyses/bin/python -m joblib.externals.loky.backend.popen_loky_posix --process-name LokyProcess-303 --pipe 95
3386890    01:47:10 32.3  0.1 /home/marc/Documents/pivlab/clamp-analyses/.conda/envs/clamp-analyses/bin/python -m joblib.externals.loky.backend.popen_loky_posix --process-name LokyProcess-304 --pipe 96
3386891    01:47:10 35.4  0.1 /home/marc/Documents/pivlab/clamp-analyses/.conda/envs/clamp-analyses/bin/python -m joblib.externals.loky.backend.popen_loky_posix --process-name LokyProcess-305 --pipe 97
3386892    01:47:10 31.8  0.1 /home/marc/Documents/pivlab/clamp-analyses/.conda/envs/clamp-analyses/bin/python -m joblib.externals.loky.backend.popen_loky_posix --process-name LokyProcess-306 --pipe 98
3386893    01:47:10 34.1  0.1 /home/marc/Documents/pivlab/clamp-analyses/.conda/envs/clamp-analyses/bin/python -m joblib.externals.loky.backend.popen_loky_posix --process-name LokyProcess-307 --pipe 99
3386894    01:47:10 30.4  0.1 /home/marc/Documents/pivlab/clamp-analyses/.conda/envs/clamp-analyses/bin/python -m joblib.externals.loky.backend.popen_loky_posix --process-name LokyProcess-308 --pipe 99
3386895    01:47:10 36.3  0.1 /home/marc/Documents/pivlab/clamp-analyses/.conda/envs/clamp-analyses/bin/python -m joblib.externals.loky.backend.popen_loky_posix --process-name LokyProcess-309 --pipe 100
3386896    01:47:10 31.6  0.1 /home/marc/Documents/pivlab/clamp-analyses/.conda/envs/clamp-analyses/bin/python -m joblib.externals.loky.backend.popen_loky_posix --process-name LokyProcess-310 --pipe 101
3386897    01:47:10 31.8  0.1 /home/marc/Documents/pivlab/clamp-analyses/.conda/envs/clamp-analyses/bin/python -m joblib.externals.loky.backend.popen_loky_posix --process-name LokyProcess-311 --pipe 102
3386898    01:47:10 31.6  0.1 /home/marc/Documents/pivlab/clamp-analyses/.conda/envs/clamp-analyses/bin/python -m joblib.externals.loky.backend.popen_loky_posix --process-name LokyProcess-312 --pipe 103
3386899    01:47:10 31.9  0.1 /home/marc/Documents/pivlab/clamp-analyses/.conda/envs/clamp-analyses/bin/python -m joblib.externals.loky.backend.popen_loky_posix --process-name LokyProcess-313 --pipe 104
3386900    01:47:10 32.2  0.1 /home/marc/Documents/pivlab/clamp-analyses/.conda/envs/clamp-analyses/bin/python -m joblib.externals.loky.backend.popen_loky_posix --process-name LokyProcess-314 --pipe 105
3386901    01:47:10 33.1  0.1 /home/marc/Documents/pivlab/clamp-analyses/.conda/envs/clamp-analyses/bin/python -m joblib.externals.loky.backend.popen_loky_posix --process-name LokyProcess-315 --pipe 106
3386902    01:47:10 33.7  0.1 /home/marc/Documents/pivlab/clamp-analyses/.conda/envs/clamp-analyses/bin/python -m joblib.externals.loky.backend.popen_loky_posix --process-name LokyProcess-316 --pipe 107
3386903    01:47:10 33.3  0.1 /home/marc/Documents/pivlab/clamp-analyses/.conda/envs/clamp-analyses/bin/python -m joblib.externals.loky.backend.popen_loky_posix --process-name LokyProcess-317 --pipe 108
3386904    01:47:10 35.9  0.1 /home/marc/Documents/pivlab/clamp-analyses/.conda/envs/clamp-analyses/bin/python -m joblib.externals.loky.backend.popen_loky_posix --process-name LokyProcess-318 --pipe 109
3386905    01:47:10 32.2  0.1 /home/marc/Documents/pivlab/clamp-analyses/.conda/envs/clamp-analyses/bin/python -m joblib.externals.loky.backend.popen_loky_posix --process-name LokyProcess-319 --pipe 110
3386906    01:47:10 29.8  0.1 /home/marc/Documents/pivlab/clamp-analyses/.conda/envs/clamp-analyses/bin/python -m joblib.externals.loky.backend.popen_loky_posix --process-name LokyProcess-320 --pipe 111
3386907    01:47:10 31.0  0.1 /home/marc/Documents/pivlab/clamp-analyses/.conda/envs/clamp-analyses/bin/python -m joblib.externals.loky.backend.popen_loky_posix --process-name LokyProcess-321 --pipe 112
3386908    01:47:10 33.2  0.1 /home/marc/Documents/pivlab/clamp-analyses/.conda/envs/clamp-analyses/bin/python -m joblib.externals.loky.backend.popen_loky_posix --process-name LokyProcess-322 --pipe 113
3386909    01:47:10 31.4  0.1 /home/marc/Documents/pivlab/clamp-analyses/.conda/envs/clamp-analyses/bin/python -m joblib.externals.loky.backend.popen_loky_posix --process-name LokyProcess-323 --pipe 114
3386910    01:47:10 32.2  0.1 /home/marc/Documents/pivlab/clamp-analyses/.conda/envs/clamp-analyses/bin/python -m joblib.externals.loky.backend.popen_loky_posix --process-name LokyProcess-324 --pipe 115
3386911    01:47:10 30.2  0.1 /home/marc/Documents/pivlab/clamp-analyses/.conda/envs/clamp-analyses/bin/python -m joblib.externals.loky.backend.popen_loky_posix --process-name LokyProcess-325 --pipe 116
3386912    01:47:10 31.9  0.1 /home/marc/Documents/pivlab/clamp-analyses/.conda/envs/clamp-analyses/bin/python -m joblib.externals.loky.backend.popen_loky_posix --process-name LokyProcess-326 --pipe 117
3386913    01:47:10 31.8  0.1 /home/marc/Documents/pivlab/clamp-analyses/.conda/envs/clamp-analyses/bin/python -m joblib.externals.loky.backend.popen_loky_posix --process-name LokyProcess-327 --pipe 118
3386914    01:47:10 33.3  0.1 /home/marc/Documents/pivlab/clamp-analyses/.conda/envs/clamp-analyses/bin/python -m joblib.externals.loky.backend.popen_loky_posix --process-name LokyProcess-328 --pipe 119
3386915    01:47:10 30.7  0.1 /home/marc/Documents/pivlab/clamp-analyses/.conda/envs/clamp-analyses/bin/python -m joblib.externals.loky.backend.popen_loky_posix --process-name LokyProcess-329 --pipe 120
3386916    01:47:10 32.9  0.1 /home/marc/Documents/pivlab/clamp-analyses/.conda/envs/clamp-analyses/bin/python -m joblib.externals.loky.backend.popen_loky_posix --process-name LokyProcess-330 --pipe 121
3386917    01:47:10 31.6  0.1 /home/marc/Documents/pivlab/clamp-analyses/.conda/envs/clamp-analyses/bin/python -m joblib.externals.loky.backend.popen_loky_posix --process-name LokyProcess-331 --pipe 122
3386918    01:47:10 34.4  0.1 /home/marc/Documents/pivlab/clamp-analyses/.conda/envs/clamp-analyses/bin/python -m joblib.externals.loky.backend.popen_loky_posix --process-name LokyProcess-332 --pipe 123
3386919    01:47:10 33.9  0.1 /home/marc/Documents/pivlab/clamp-analyses/.conda/envs/clamp-analyses/bin/python -m joblib.externals.loky.backend.popen_loky_posix --process-name LokyProcess-333 --pipe 124
3386920    01:47:10 33.8  0.1 /home/marc/Documents/pivlab/clamp-analyses/.conda/envs/clamp-analyses/bin/python -m joblib.externals.loky.backend.popen_loky_posix --process-name LokyProcess-334 --pipe 125
3386921    01:47:10 32.9  0.1 /home/marc/Documents/pivlab/clamp-analyses/.conda/envs/clamp-analyses/bin/python -m joblib.externals.loky.backend.popen_loky_posix --process-name LokyProcess-335 --pipe 126
3386922    01:47:10 34.0  0.1 /home/marc/Documents/pivlab/clamp-analyses/.conda/envs/clamp-analyses/bin/python -m joblib.externals.loky.backend.popen_loky_posix --process-name LokyProcess-336 --pipe 127
log_markers:
===== START nbs/03_model_biology/01_gtex/03_rf_true_labels/00_LV_importance_true_labels.ipynb Wed Jun 24 14:50:43 MDT 2026 =====
output_counts:
1
output/03_model_biology/01_gtex/03_rf_true_labels/01_LV_importance_true_labels_biology/phenomexcan_simplified_phenotypes_info.tsv.gz

===== STATUS Wed Jun 24 19:52:09 MDT 2026 =====
runner_pid=3366595
runner=RUNNING
processes:
3366595    05:01:26  0.0  0.0 bash logs/run_03_rf_true_labels_bg.sh
3366601    05:01:26  0.0  0.0 python3.11 /home/marc/Documents/pivlab/clamp-analyses/.conda/envs/clamp-analyses/bin/jupyter-nbconvert --to notebook --execute --inplace --ExecutePreprocessor.timeout=-1 nbs/03_model_biology/01_gtex/03_rf_true_labels/00_LV_importance_true_labels.ipynb
3366604    05:01:25 54.9  1.1 /home/marc/Documents/pivlab/clamp-analyses/.conda/envs/clamp-analyses/bin/python -m ipykernel_launcher -f /tmp/tmp5q69_ol4.json --HistoryManager.hist_file=:memory:
3401677       12:06 36.1  0.1 /home/marc/Documents/pivlab/clamp-analyses/.conda/envs/clamp-analyses/bin/python -m joblib.externals.loky.backend.popen_loky_posix --process-name LokyProcess-337 --pipe 80
3401678       12:06 28.6  0.1 /home/marc/Documents/pivlab/clamp-analyses/.conda/envs/clamp-analyses/bin/python -m joblib.externals.loky.backend.popen_loky_posix --process-name LokyProcess-338 --pipe 81
3401679       12:06 28.8  0.1 /home/marc/Documents/pivlab/clamp-analyses/.conda/envs/clamp-analyses/bin/python -m joblib.externals.loky.backend.popen_loky_posix --process-name LokyProcess-339 --pipe 82
3401680       12:06 37.1  0.1 /home/marc/Documents/pivlab/clamp-analyses/.conda/envs/clamp-analyses/bin/python -m joblib.externals.loky.backend.popen_loky_posix --process-name LokyProcess-340 --pipe 83
3401681       12:06 37.0  0.1 /home/marc/Documents/pivlab/clamp-analyses/.conda/envs/clamp-analyses/bin/python -m joblib.externals.loky.backend.popen_loky_posix --process-name LokyProcess-341 --pipe 85
3401682       12:06 48.7  0.1 /home/marc/Documents/pivlab/clamp-analyses/.conda/envs/clamp-analyses/bin/python -m joblib.externals.loky.backend.popen_loky_posix --process-name LokyProcess-342 --pipe 86
3401683       12:06 34.7  0.1 /home/marc/Documents/pivlab/clamp-analyses/.conda/envs/clamp-analyses/bin/python -m joblib.externals.loky.backend.popen_loky_posix --process-name LokyProcess-343 --pipe 87
3401684       12:06 42.0  0.1 /home/marc/Documents/pivlab/clamp-analyses/.conda/envs/clamp-analyses/bin/python -m joblib.externals.loky.backend.popen_loky_posix --process-name LokyProcess-344 --pipe 89
3401685       12:06 42.1  0.1 /home/marc/Documents/pivlab/clamp-analyses/.conda/envs/clamp-analyses/bin/python -m joblib.externals.loky.backend.popen_loky_posix --process-name LokyProcess-345 --pipe 90
3401686       12:06 26.1  0.1 /home/marc/Documents/pivlab/clamp-analyses/.conda/envs/clamp-analyses/bin/python -m joblib.externals.loky.backend.popen_loky_posix --process-name LokyProcess-346 --pipe 91
3401687       12:06 36.0  0.1 /home/marc/Documents/pivlab/clamp-analyses/.conda/envs/clamp-analyses/bin/python -m joblib.externals.loky.backend.popen_loky_posix --process-name LokyProcess-347 --pipe 92
3401688       12:06 33.9  0.1 /home/marc/Documents/pivlab/clamp-analyses/.conda/envs/clamp-analyses/bin/python -m joblib.externals.loky.backend.popen_loky_posix --process-name LokyProcess-348 --pipe 93
3401689       12:06 27.0  0.1 /home/marc/Documents/pivlab/clamp-analyses/.conda/envs/clamp-analyses/bin/python -m joblib.externals.loky.backend.popen_loky_posix --process-name LokyProcess-349 --pipe 94
3401690       12:06 28.6  0.1 /home/marc/Documents/pivlab/clamp-analyses/.conda/envs/clamp-analyses/bin/python -m joblib.externals.loky.backend.popen_loky_posix --process-name LokyProcess-350 --pipe 95
3401691       12:06 33.9  0.1 /home/marc/Documents/pivlab/clamp-analyses/.conda/envs/clamp-analyses/bin/python -m joblib.externals.loky.backend.popen_loky_posix --process-name LokyProcess-351 --pipe 96
3401692       12:06 24.3  0.1 /home/marc/Documents/pivlab/clamp-analyses/.conda/envs/clamp-analyses/bin/python -m joblib.externals.loky.backend.popen_loky_posix --process-name LokyProcess-352 --pipe 97
3401693       12:06 28.5  0.1 /home/marc/Documents/pivlab/clamp-analyses/.conda/envs/clamp-analyses/bin/python -m joblib.externals.loky.backend.popen_loky_posix --process-name LokyProcess-353 --pipe 98
3401694       12:06 38.4  0.1 /home/marc/Documents/pivlab/clamp-analyses/.conda/envs/clamp-analyses/bin/python -m joblib.externals.loky.backend.popen_loky_posix --process-name LokyProcess-354 --pipe 99
3401695       12:06 31.2  0.1 /home/marc/Documents/pivlab/clamp-analyses/.conda/envs/clamp-analyses/bin/python -m joblib.externals.loky.backend.popen_loky_posix --process-name LokyProcess-355 --pipe 100
3401696       12:06 34.5  0.1 /home/marc/Documents/pivlab/clamp-analyses/.conda/envs/clamp-analyses/bin/python -m joblib.externals.loky.backend.popen_loky_posix --process-name LokyProcess-356 --pipe 101
3401697       12:06 33.7  0.1 /home/marc/Documents/pivlab/clamp-analyses/.conda/envs/clamp-analyses/bin/python -m joblib.externals.loky.backend.popen_loky_posix --process-name LokyProcess-357 --pipe 102
3401698       12:06 28.9  0.1 /home/marc/Documents/pivlab/clamp-analyses/.conda/envs/clamp-analyses/bin/python -m joblib.externals.loky.backend.popen_loky_posix --process-name LokyProcess-358 --pipe 103
3401699       12:06 34.5  0.1 /home/marc/Documents/pivlab/clamp-analyses/.conda/envs/clamp-analyses/bin/python -m joblib.externals.loky.backend.popen_loky_posix --process-name LokyProcess-359 --pipe 104
3401700       12:06 35.2  0.1 /home/marc/Documents/pivlab/clamp-analyses/.conda/envs/clamp-analyses/bin/python -m joblib.externals.loky.backend.popen_loky_posix --process-name LokyProcess-360 --pipe 105
3401701       12:06 24.4  0.1 /home/marc/Documents/pivlab/clamp-analyses/.conda/envs/clamp-analyses/bin/python -m joblib.externals.loky.backend.popen_loky_posix --process-name LokyProcess-361 --pipe 106
3401702       12:06 31.3  0.1 /home/marc/Documents/pivlab/clamp-analyses/.conda/envs/clamp-analyses/bin/python -m joblib.externals.loky.backend.popen_loky_posix --process-name LokyProcess-362 --pipe 107
3401703       12:06 38.8  0.1 /home/marc/Documents/pivlab/clamp-analyses/.conda/envs/clamp-analyses/bin/python -m joblib.externals.loky.backend.popen_loky_posix --process-name LokyProcess-363 --pipe 108
3401704       12:06 30.4  0.1 /home/marc/Documents/pivlab/clamp-analyses/.conda/envs/clamp-analyses/bin/python -m joblib.externals.loky.backend.popen_loky_posix --process-name LokyProcess-364 --pipe 109
3401705       12:06 34.5  0.1 /home/marc/Documents/pivlab/clamp-analyses/.conda/envs/clamp-analyses/bin/python -m joblib.externals.loky.backend.popen_loky_posix --process-name LokyProcess-365 --pipe 110
3401706       12:06 28.0  0.1 /home/marc/Documents/pivlab/clamp-analyses/.conda/envs/clamp-analyses/bin/python -m joblib.externals.loky.backend.popen_loky_posix --process-name LokyProcess-366 --pipe 111
3401707       12:06 28.4  0.1 /home/marc/Documents/pivlab/clamp-analyses/.conda/envs/clamp-analyses/bin/python -m joblib.externals.loky.backend.popen_loky_posix --process-name LokyProcess-367 --pipe 112
3401708       12:06 42.2  0.1 /home/marc/Documents/pivlab/clamp-analyses/.conda/envs/clamp-analyses/bin/python -m joblib.externals.loky.backend.popen_loky_posix --process-name LokyProcess-368 --pipe 113
3401709       12:06 37.3  0.1 /home/marc/Documents/pivlab/clamp-analyses/.conda/envs/clamp-analyses/bin/python -m joblib.externals.loky.backend.popen_loky_posix --process-name LokyProcess-369 --pipe 114
3401710       12:06 22.5  0.1 /home/marc/Documents/pivlab/clamp-analyses/.conda/envs/clamp-analyses/bin/python -m joblib.externals.loky.backend.popen_loky_posix --process-name LokyProcess-370 --pipe 115
3401711       12:06 48.8  0.1 /home/marc/Documents/pivlab/clamp-analyses/.conda/envs/clamp-analyses/bin/python -m joblib.externals.loky.backend.popen_loky_posix --process-name LokyProcess-371 --pipe 116
3401712       12:06 35.2  0.1 /home/marc/Documents/pivlab/clamp-analyses/.conda/envs/clamp-analyses/bin/python -m joblib.externals.loky.backend.popen_loky_posix --process-name LokyProcess-372 --pipe 117
3401713       12:06 23.9  0.1 /home/marc/Documents/pivlab/clamp-analyses/.conda/envs/clamp-analyses/bin/python -m joblib.externals.loky.backend.popen_loky_posix --process-name LokyProcess-373 --pipe 118
3401714       12:06 38.9  0.1 /home/marc/Documents/pivlab/clamp-analyses/.conda/envs/clamp-analyses/bin/python -m joblib.externals.loky.backend.popen_loky_posix --process-name LokyProcess-374 --pipe 120
3401715       12:06 26.0  0.1 /home/marc/Documents/pivlab/clamp-analyses/.conda/envs/clamp-analyses/bin/python -m joblib.externals.loky.backend.popen_loky_posix --process-name LokyProcess-375 --pipe 121
3401716       12:06 35.1  0.1 /home/marc/Documents/pivlab/clamp-analyses/.conda/envs/clamp-analyses/bin/python -m joblib.externals.loky.backend.popen_loky_posix --process-name LokyProcess-376 --pipe 122
3401717       12:06 29.0  0.1 /home/marc/Documents/pivlab/clamp-analyses/.conda/envs/clamp-analyses/bin/python -m joblib.externals.loky.backend.popen_loky_posix --process-name LokyProcess-377 --pipe 123
3401718       12:06 41.7  0.1 /home/marc/Documents/pivlab/clamp-analyses/.conda/envs/clamp-analyses/bin/python -m joblib.externals.loky.backend.popen_loky_posix --process-name LokyProcess-378 --pipe 124
3401719       12:06 36.5  0.1 /home/marc/Documents/pivlab/clamp-analyses/.conda/envs/clamp-analyses/bin/python -m joblib.externals.loky.backend.popen_loky_posix --process-name LokyProcess-379 --pipe 125
3401720       12:06 38.0  0.1 /home/marc/Documents/pivlab/clamp-analyses/.conda/envs/clamp-analyses/bin/python -m joblib.externals.loky.backend.popen_loky_posix --process-name LokyProcess-380 --pipe 126
3401721       12:06 46.6  0.1 /home/marc/Documents/pivlab/clamp-analyses/.conda/envs/clamp-analyses/bin/python -m joblib.externals.loky.backend.popen_loky_posix --process-name LokyProcess-381 --pipe 127
3401722       12:06 26.9  0.1 /home/marc/Documents/pivlab/clamp-analyses/.conda/envs/clamp-analyses/bin/python -m joblib.externals.loky.backend.popen_loky_posix --process-name LokyProcess-382 --pipe 128
3401723       12:06 41.9  0.1 /home/marc/Documents/pivlab/clamp-analyses/.conda/envs/clamp-analyses/bin/python -m joblib.externals.loky.backend.popen_loky_posix --process-name LokyProcess-383 --pipe 128
3401724       12:06 27.4  0.1 /home/marc/Documents/pivlab/clamp-analyses/.conda/envs/clamp-analyses/bin/python -m joblib.externals.loky.backend.popen_loky_posix --process-name LokyProcess-384 --pipe 128
log_markers:
===== START nbs/03_model_biology/01_gtex/03_rf_true_labels/00_LV_importance_true_labels.ipynb Wed Jun 24 14:50:43 MDT 2026 =====
output_counts:
1
output/03_model_biology/01_gtex/03_rf_true_labels/01_LV_importance_true_labels_biology/phenomexcan_simplified_phenotypes_info.tsv.gz

===== STATUS Wed Jun 24 20:22:09 MDT 2026 =====
runner_pid=3366595
runner=RUNNING
processes:
3366595    05:31:26  0.0  0.0 bash logs/run_03_rf_true_labels_bg.sh
3366601    05:31:26  0.0  0.0 python3.11 /home/marc/Documents/pivlab/clamp-analyses/.conda/envs/clamp-analyses/bin/jupyter-nbconvert --to notebook --execute --inplace --ExecutePreprocessor.timeout=-1 nbs/03_model_biology/01_gtex/03_rf_true_labels/00_LV_importance_true_labels.ipynb
3366604    05:31:25 56.2  1.2 /home/marc/Documents/pivlab/clamp-analyses/.conda/envs/clamp-analyses/bin/python -m ipykernel_launcher -f /tmp/tmp5q69_ol4.json --HistoryManager.hist_file=:memory:
log_markers:
===== START nbs/03_model_biology/01_gtex/03_rf_true_labels/00_LV_importance_true_labels.ipynb Wed Jun 24 14:50:43 MDT 2026 =====
output_counts:
1
output/03_model_biology/01_gtex/03_rf_true_labels/01_LV_importance_true_labels_biology/phenomexcan_simplified_phenotypes_info.tsv.gz

===== STATUS Wed Jun 24 20:52:09 MDT 2026 =====
runner_pid=3366595
runner=RUNNING
processes:
3366595    06:01:26  0.0  0.0 bash logs/run_03_rf_true_labels_bg.sh
3366601    06:01:26  0.0  0.0 python3.11 /home/marc/Documents/pivlab/clamp-analyses/.conda/envs/clamp-analyses/bin/jupyter-nbconvert --to notebook --execute --inplace --ExecutePreprocessor.timeout=-1 nbs/03_model_biology/01_gtex/03_rf_true_labels/00_LV_importance_true_labels.ipynb
3366604    06:01:25 56.0  1.1 /home/marc/Documents/pivlab/clamp-analyses/.conda/envs/clamp-analyses/bin/python -m ipykernel_launcher -f /tmp/tmp5q69_ol4.json --HistoryManager.hist_file=:memory:
3407895       21:00 47.9  0.1 /home/marc/Documents/pivlab/clamp-analyses/.conda/envs/clamp-analyses/bin/python -m joblib.externals.loky.backend.popen_loky_posix --process-name LokyProcess-433 --pipe 81
3407896       21:00 35.1  0.1 /home/marc/Documents/pivlab/clamp-analyses/.conda/envs/clamp-analyses/bin/python -m joblib.externals.loky.backend.popen_loky_posix --process-name LokyProcess-434 --pipe 82
3407897       21:00 44.9  0.1 /home/marc/Documents/pivlab/clamp-analyses/.conda/envs/clamp-analyses/bin/python -m joblib.externals.loky.backend.popen_loky_posix --process-name LokyProcess-435 --pipe 83
3407898       21:00 38.8  0.1 /home/marc/Documents/pivlab/clamp-analyses/.conda/envs/clamp-analyses/bin/python -m joblib.externals.loky.backend.popen_loky_posix --process-name LokyProcess-436 --pipe 84
3407899       21:00 35.4  0.1 /home/marc/Documents/pivlab/clamp-analyses/.conda/envs/clamp-analyses/bin/python -m joblib.externals.loky.backend.popen_loky_posix --process-name LokyProcess-437 --pipe 85
3407900       21:00 45.3  0.1 /home/marc/Documents/pivlab/clamp-analyses/.conda/envs/clamp-analyses/bin/python -m joblib.externals.loky.backend.popen_loky_posix --process-name LokyProcess-438 --pipe 86
3407901       21:00 35.6  0.1 /home/marc/Documents/pivlab/clamp-analyses/.conda/envs/clamp-analyses/bin/python -m joblib.externals.loky.backend.popen_loky_posix --process-name LokyProcess-439 --pipe 87
3407902       21:00 36.7  0.1 /home/marc/Documents/pivlab/clamp-analyses/.conda/envs/clamp-analyses/bin/python -m joblib.externals.loky.backend.popen_loky_posix --process-name LokyProcess-440 --pipe 89
3407903       21:00 35.8  0.1 /home/marc/Documents/pivlab/clamp-analyses/.conda/envs/clamp-analyses/bin/python -m joblib.externals.loky.backend.popen_loky_posix --process-name LokyProcess-441 --pipe 90
3407904       21:00 37.0  0.1 /home/marc/Documents/pivlab/clamp-analyses/.conda/envs/clamp-analyses/bin/python -m joblib.externals.loky.backend.popen_loky_posix --process-name LokyProcess-442 --pipe 91
3407905       21:00 40.8  0.1 /home/marc/Documents/pivlab/clamp-analyses/.conda/envs/clamp-analyses/bin/python -m joblib.externals.loky.backend.popen_loky_posix --process-name LokyProcess-443 --pipe 92
3407906       21:00 53.4  0.1 /home/marc/Documents/pivlab/clamp-analyses/.conda/envs/clamp-analyses/bin/python -m joblib.externals.loky.backend.popen_loky_posix --process-name LokyProcess-444 --pipe 93
3407907       21:00 45.2  0.1 /home/marc/Documents/pivlab/clamp-analyses/.conda/envs/clamp-analyses/bin/python -m joblib.externals.loky.backend.popen_loky_posix --process-name LokyProcess-445 --pipe 94
3407908       21:00 37.9  0.1 /home/marc/Documents/pivlab/clamp-analyses/.conda/envs/clamp-analyses/bin/python -m joblib.externals.loky.backend.popen_loky_posix --process-name LokyProcess-446 --pipe 95
3407909       21:00 39.7  0.1 /home/marc/Documents/pivlab/clamp-analyses/.conda/envs/clamp-analyses/bin/python -m joblib.externals.loky.backend.popen_loky_posix --process-name LokyProcess-447 --pipe 96
3407910       21:00 39.2  0.1 /home/marc/Documents/pivlab/clamp-analyses/.conda/envs/clamp-analyses/bin/python -m joblib.externals.loky.backend.popen_loky_posix --process-name LokyProcess-448 --pipe 97
3407911       21:00 43.5  0.1 /home/marc/Documents/pivlab/clamp-analyses/.conda/envs/clamp-analyses/bin/python -m joblib.externals.loky.backend.popen_loky_posix --process-name LokyProcess-449 --pipe 98
3407912       21:00 49.6  0.1 /home/marc/Documents/pivlab/clamp-analyses/.conda/envs/clamp-analyses/bin/python -m joblib.externals.loky.backend.popen_loky_posix --process-name LokyProcess-450 --pipe 99
3407913       21:00 35.8  0.1 /home/marc/Documents/pivlab/clamp-analyses/.conda/envs/clamp-analyses/bin/python -m joblib.externals.loky.backend.popen_loky_posix --process-name LokyProcess-451 --pipe 100
3407914       21:00 38.9  0.1 /home/marc/Documents/pivlab/clamp-analyses/.conda/envs/clamp-analyses/bin/python -m joblib.externals.loky.backend.popen_loky_posix --process-name LokyProcess-452 --pipe 101
3407915       21:00 40.7  0.1 /home/marc/Documents/pivlab/clamp-analyses/.conda/envs/clamp-analyses/bin/python -m joblib.externals.loky.backend.popen_loky_posix --process-name LokyProcess-453 --pipe 102
3407916       21:00 39.1  0.1 /home/marc/Documents/pivlab/clamp-analyses/.conda/envs/clamp-analyses/bin/python -m joblib.externals.loky.backend.popen_loky_posix --process-name LokyProcess-454 --pipe 103
3407917       21:00 40.0  0.1 /home/marc/Documents/pivlab/clamp-analyses/.conda/envs/clamp-analyses/bin/python -m joblib.externals.loky.backend.popen_loky_posix --process-name LokyProcess-455 --pipe 104
3407918       21:00 39.8  0.1 /home/marc/Documents/pivlab/clamp-analyses/.conda/envs/clamp-analyses/bin/python -m joblib.externals.loky.backend.popen_loky_posix --process-name LokyProcess-456 --pipe 104
3407919       21:00 37.5  0.1 /home/marc/Documents/pivlab/clamp-analyses/.conda/envs/clamp-analyses/bin/python -m joblib.externals.loky.backend.popen_loky_posix --process-name LokyProcess-457 --pipe 105
3407920       21:00 45.2  0.1 /home/marc/Documents/pivlab/clamp-analyses/.conda/envs/clamp-analyses/bin/python -m joblib.externals.loky.backend.popen_loky_posix --process-name LokyProcess-458 --pipe 106
3407921       21:00 37.4  0.1 /home/marc/Documents/pivlab/clamp-analyses/.conda/envs/clamp-analyses/bin/python -m joblib.externals.loky.backend.popen_loky_posix --process-name LokyProcess-459 --pipe 107
3407922       21:00 39.2  0.1 /home/marc/Documents/pivlab/clamp-analyses/.conda/envs/clamp-analyses/bin/python -m joblib.externals.loky.backend.popen_loky_posix --process-name LokyProcess-460 --pipe 108
3407923       21:00 42.7  0.1 /home/marc/Documents/pivlab/clamp-analyses/.conda/envs/clamp-analyses/bin/python -m joblib.externals.loky.backend.popen_loky_posix --process-name LokyProcess-461 --pipe 109
3407924       21:00 42.8  0.1 /home/marc/Documents/pivlab/clamp-analyses/.conda/envs/clamp-analyses/bin/python -m joblib.externals.loky.backend.popen_loky_posix --process-name LokyProcess-462 --pipe 110
3407925       21:00 39.6  0.1 /home/marc/Documents/pivlab/clamp-analyses/.conda/envs/clamp-analyses/bin/python -m joblib.externals.loky.backend.popen_loky_posix --process-name LokyProcess-463 --pipe 111
3407926       21:00 41.9  0.1 /home/marc/Documents/pivlab/clamp-analyses/.conda/envs/clamp-analyses/bin/python -m joblib.externals.loky.backend.popen_loky_posix --process-name LokyProcess-464 --pipe 112
3407927       21:00 35.5  0.1 /home/marc/Documents/pivlab/clamp-analyses/.conda/envs/clamp-analyses/bin/python -m joblib.externals.loky.backend.popen_loky_posix --process-name LokyProcess-465 --pipe 113
3407928       21:00 37.9  0.1 /home/marc/Documents/pivlab/clamp-analyses/.conda/envs/clamp-analyses/bin/python -m joblib.externals.loky.backend.popen_loky_posix --process-name LokyProcess-466 --pipe 114
3407929       21:00 37.8  0.1 /home/marc/Documents/pivlab/clamp-analyses/.conda/envs/clamp-analyses/bin/python -m joblib.externals.loky.backend.popen_loky_posix --process-name LokyProcess-467 --pipe 115
3407930       21:00 40.8  0.1 /home/marc/Documents/pivlab/clamp-analyses/.conda/envs/clamp-analyses/bin/python -m joblib.externals.loky.backend.popen_loky_posix --process-name LokyProcess-468 --pipe 116
3407931       21:00 51.9  0.1 /home/marc/Documents/pivlab/clamp-analyses/.conda/envs/clamp-analyses/bin/python -m joblib.externals.loky.backend.popen_loky_posix --process-name LokyProcess-469 --pipe 117
3407932       21:00 39.7  0.1 /home/marc/Documents/pivlab/clamp-analyses/.conda/envs/clamp-analyses/bin/python -m joblib.externals.loky.backend.popen_loky_posix --process-name LokyProcess-470 --pipe 118
3407933       21:00 32.7  0.1 /home/marc/Documents/pivlab/clamp-analyses/.conda/envs/clamp-analyses/bin/python -m joblib.externals.loky.backend.popen_loky_posix --process-name LokyProcess-471 --pipe 119
3407934       21:00 38.8  0.1 /home/marc/Documents/pivlab/clamp-analyses/.conda/envs/clamp-analyses/bin/python -m joblib.externals.loky.backend.popen_loky_posix --process-name LokyProcess-472 --pipe 120
3407935       21:00 36.3  0.1 /home/marc/Documents/pivlab/clamp-analyses/.conda/envs/clamp-analyses/bin/python -m joblib.externals.loky.backend.popen_loky_posix --process-name LokyProcess-473 --pipe 121
3407936       21:00 39.1  0.1 /home/marc/Documents/pivlab/clamp-analyses/.conda/envs/clamp-analyses/bin/python -m joblib.externals.loky.backend.popen_loky_posix --process-name LokyProcess-474 --pipe 122
3407937       21:00 32.8  0.1 /home/marc/Documents/pivlab/clamp-analyses/.conda/envs/clamp-analyses/bin/python -m joblib.externals.loky.backend.popen_loky_posix --process-name LokyProcess-475 --pipe 123
3407938       21:00 34.9  0.1 /home/marc/Documents/pivlab/clamp-analyses/.conda/envs/clamp-analyses/bin/python -m joblib.externals.loky.backend.popen_loky_posix --process-name LokyProcess-476 --pipe 124
3407939       21:00 37.0  0.1 /home/marc/Documents/pivlab/clamp-analyses/.conda/envs/clamp-analyses/bin/python -m joblib.externals.loky.backend.popen_loky_posix --process-name LokyProcess-477 --pipe 125
3407940       21:00 33.2  0.1 /home/marc/Documents/pivlab/clamp-analyses/.conda/envs/clamp-analyses/bin/python -m joblib.externals.loky.backend.popen_loky_posix --process-name LokyProcess-478 --pipe 126
3407941       21:00 54.4  0.1 /home/marc/Documents/pivlab/clamp-analyses/.conda/envs/clamp-analyses/bin/python -m joblib.externals.loky.backend.popen_loky_posix --process-name LokyProcess-479 --pipe 127
3407942       21:00 42.5  0.1 /home/marc/Documents/pivlab/clamp-analyses/.conda/envs/clamp-analyses/bin/python -m joblib.externals.loky.backend.popen_loky_posix --process-name LokyProcess-480 --pipe 128
log_markers:
===== START nbs/03_model_biology/01_gtex/03_rf_true_labels/00_LV_importance_true_labels.ipynb Wed Jun 24 14:50:43 MDT 2026 =====
output_counts:
1
output/03_model_biology/01_gtex/03_rf_true_labels/01_LV_importance_true_labels_biology/phenomexcan_simplified_phenotypes_info.tsv.gz

===== STATUS Wed Jun 24 21:22:09 MDT 2026 =====
runner_pid=3366595
runner=RUNNING
processes:
3366595    06:31:26  0.0  0.0 bash logs/run_03_rf_true_labels_bg.sh
3366601    06:31:26  0.0  0.0 python3.11 /home/marc/Documents/pivlab/clamp-analyses/.conda/envs/clamp-analyses/bin/jupyter-nbconvert --to notebook --execute --inplace --ExecutePreprocessor.timeout=-1 nbs/03_model_biology/01_gtex/03_rf_true_labels/00_LV_importance_true_labels.ipynb
3366604    06:31:25 56.5  1.1 /home/marc/Documents/pivlab/clamp-analyses/.conda/envs/clamp-analyses/bin/python -m ipykernel_launcher -f /tmp/tmp5q69_ol4.json --HistoryManager.hist_file=:memory:
3411389       22:03 24.5  0.1 /home/marc/Documents/pivlab/clamp-analyses/.conda/envs/clamp-analyses/bin/python -m joblib.externals.loky.backend.popen_loky_posix --process-name LokyProcess-481 --pipe 81
3411390       22:03 26.9  0.1 /home/marc/Documents/pivlab/clamp-analyses/.conda/envs/clamp-analyses/bin/python -m joblib.externals.loky.backend.popen_loky_posix --process-name LokyProcess-482 --pipe 82
3411391       22:03 28.6  0.1 /home/marc/Documents/pivlab/clamp-analyses/.conda/envs/clamp-analyses/bin/python -m joblib.externals.loky.backend.popen_loky_posix --process-name LokyProcess-483 --pipe 83
3411392       22:03 27.2  0.1 /home/marc/Documents/pivlab/clamp-analyses/.conda/envs/clamp-analyses/bin/python -m joblib.externals.loky.backend.popen_loky_posix --process-name LokyProcess-484 --pipe 84
3411393       22:03 24.2  0.1 /home/marc/Documents/pivlab/clamp-analyses/.conda/envs/clamp-analyses/bin/python -m joblib.externals.loky.backend.popen_loky_posix --process-name LokyProcess-485 --pipe 85
3411394       22:03 31.9  0.1 /home/marc/Documents/pivlab/clamp-analyses/.conda/envs/clamp-analyses/bin/python -m joblib.externals.loky.backend.popen_loky_posix --process-name LokyProcess-486 --pipe 86
3411395       22:03 25.1  0.1 /home/marc/Documents/pivlab/clamp-analyses/.conda/envs/clamp-analyses/bin/python -m joblib.externals.loky.backend.popen_loky_posix --process-name LokyProcess-487 --pipe 87
3411396       22:03 30.5  0.1 /home/marc/Documents/pivlab/clamp-analyses/.conda/envs/clamp-analyses/bin/python -m joblib.externals.loky.backend.popen_loky_posix --process-name LokyProcess-488 --pipe 89
3411397       22:03 26.5  0.1 /home/marc/Documents/pivlab/clamp-analyses/.conda/envs/clamp-analyses/bin/python -m joblib.externals.loky.backend.popen_loky_posix --process-name LokyProcess-489 --pipe 90
3411398       22:03 27.9  0.1 /home/marc/Documents/pivlab/clamp-analyses/.conda/envs/clamp-analyses/bin/python -m joblib.externals.loky.backend.popen_loky_posix --process-name LokyProcess-490 --pipe 91
3411399       22:03 27.4  0.1 /home/marc/Documents/pivlab/clamp-analyses/.conda/envs/clamp-analyses/bin/python -m joblib.externals.loky.backend.popen_loky_posix --process-name LokyProcess-491 --pipe 92
3411400       22:03 26.4  0.1 /home/marc/Documents/pivlab/clamp-analyses/.conda/envs/clamp-analyses/bin/python -m joblib.externals.loky.backend.popen_loky_posix --process-name LokyProcess-492 --pipe 93
3411401       22:03 28.5  0.1 /home/marc/Documents/pivlab/clamp-analyses/.conda/envs/clamp-analyses/bin/python -m joblib.externals.loky.backend.popen_loky_posix --process-name LokyProcess-493 --pipe 94
3411402       22:03 29.0  0.1 /home/marc/Documents/pivlab/clamp-analyses/.conda/envs/clamp-analyses/bin/python -m joblib.externals.loky.backend.popen_loky_posix --process-name LokyProcess-494 --pipe 95
3411403       22:03 25.3  0.1 /home/marc/Documents/pivlab/clamp-analyses/.conda/envs/clamp-analyses/bin/python -m joblib.externals.loky.backend.popen_loky_posix --process-name LokyProcess-495 --pipe 96
3411404       22:03 26.1  0.1 /home/marc/Documents/pivlab/clamp-analyses/.conda/envs/clamp-analyses/bin/python -m joblib.externals.loky.backend.popen_loky_posix --process-name LokyProcess-496 --pipe 97
3411405       22:03 26.4  0.1 /home/marc/Documents/pivlab/clamp-analyses/.conda/envs/clamp-analyses/bin/python -m joblib.externals.loky.backend.popen_loky_posix --process-name LokyProcess-497 --pipe 98
3411406       22:03 24.9  0.1 /home/marc/Documents/pivlab/clamp-analyses/.conda/envs/clamp-analyses/bin/python -m joblib.externals.loky.backend.popen_loky_posix --process-name LokyProcess-498 --pipe 99
3411407       22:03 30.5  0.1 /home/marc/Documents/pivlab/clamp-analyses/.conda/envs/clamp-analyses/bin/python -m joblib.externals.loky.backend.popen_loky_posix --process-name LokyProcess-499 --pipe 100
3411408       22:03 37.0  0.1 /home/marc/Documents/pivlab/clamp-analyses/.conda/envs/clamp-analyses/bin/python -m joblib.externals.loky.backend.popen_loky_posix --process-name LokyProcess-500 --pipe 101
3411409       22:03 29.6  0.1 /home/marc/Documents/pivlab/clamp-analyses/.conda/envs/clamp-analyses/bin/python -m joblib.externals.loky.backend.popen_loky_posix --process-name LokyProcess-501 --pipe 102
3411410       22:03 28.3  0.1 /home/marc/Documents/pivlab/clamp-analyses/.conda/envs/clamp-analyses/bin/python -m joblib.externals.loky.backend.popen_loky_posix --process-name LokyProcess-502 --pipe 103
3411411       22:03 25.9  0.1 /home/marc/Documents/pivlab/clamp-analyses/.conda/envs/clamp-analyses/bin/python -m joblib.externals.loky.backend.popen_loky_posix --process-name LokyProcess-503 --pipe 104
3411412       22:03 26.0  0.1 /home/marc/Documents/pivlab/clamp-analyses/.conda/envs/clamp-analyses/bin/python -m joblib.externals.loky.backend.popen_loky_posix --process-name LokyProcess-504 --pipe 104
3411413       22:03 30.9  0.1 /home/marc/Documents/pivlab/clamp-analyses/.conda/envs/clamp-analyses/bin/python -m joblib.externals.loky.backend.popen_loky_posix --process-name LokyProcess-505 --pipe 105
3411414       22:03 25.8  0.1 /home/marc/Documents/pivlab/clamp-analyses/.conda/envs/clamp-analyses/bin/python -m joblib.externals.loky.backend.popen_loky_posix --process-name LokyProcess-506 --pipe 106
3411415       22:03 26.4  0.1 /home/marc/Documents/pivlab/clamp-analyses/.conda/envs/clamp-analyses/bin/python -m joblib.externals.loky.backend.popen_loky_posix --process-name LokyProcess-507 --pipe 107
3411416       22:03 34.2  0.1 /home/marc/Documents/pivlab/clamp-analyses/.conda/envs/clamp-analyses/bin/python -m joblib.externals.loky.backend.popen_loky_posix --process-name LokyProcess-508 --pipe 108
3411417       22:03 21.0  0.1 /home/marc/Documents/pivlab/clamp-analyses/.conda/envs/clamp-analyses/bin/python -m joblib.externals.loky.backend.popen_loky_posix --process-name LokyProcess-509 --pipe 109
3411418       22:03 31.5  0.1 /home/marc/Documents/pivlab/clamp-analyses/.conda/envs/clamp-analyses/bin/python -m joblib.externals.loky.backend.popen_loky_posix --process-name LokyProcess-510 --pipe 110
3411419       22:03 29.8  0.1 /home/marc/Documents/pivlab/clamp-analyses/.conda/envs/clamp-analyses/bin/python -m joblib.externals.loky.backend.popen_loky_posix --process-name LokyProcess-511 --pipe 111
3411420       22:03 27.3  0.1 /home/marc/Documents/pivlab/clamp-analyses/.conda/envs/clamp-analyses/bin/python -m joblib.externals.loky.backend.popen_loky_posix --process-name LokyProcess-512 --pipe 112
3411421       22:03 34.8  0.1 /home/marc/Documents/pivlab/clamp-analyses/.conda/envs/clamp-analyses/bin/python -m joblib.externals.loky.backend.popen_loky_posix --process-name LokyProcess-513 --pipe 113
3411422       22:03 23.6  0.1 /home/marc/Documents/pivlab/clamp-analyses/.conda/envs/clamp-analyses/bin/python -m joblib.externals.loky.backend.popen_loky_posix --process-name LokyProcess-514 --pipe 114
3411423       22:03 28.0  0.1 /home/marc/Documents/pivlab/clamp-analyses/.conda/envs/clamp-analyses/bin/python -m joblib.externals.loky.backend.popen_loky_posix --process-name LokyProcess-515 --pipe 115
3411424       22:03 26.6  0.1 /home/marc/Documents/pivlab/clamp-analyses/.conda/envs/clamp-analyses/bin/python -m joblib.externals.loky.backend.popen_loky_posix --process-name LokyProcess-516 --pipe 116
3411425       22:03 26.4  0.1 /home/marc/Documents/pivlab/clamp-analyses/.conda/envs/clamp-analyses/bin/python -m joblib.externals.loky.backend.popen_loky_posix --process-name LokyProcess-517 --pipe 117
3411426       22:03 24.9  0.1 /home/marc/Documents/pivlab/clamp-analyses/.conda/envs/clamp-analyses/bin/python -m joblib.externals.loky.backend.popen_loky_posix --process-name LokyProcess-518 --pipe 118
3411427       22:03 24.7  0.1 /home/marc/Documents/pivlab/clamp-analyses/.conda/envs/clamp-analyses/bin/python -m joblib.externals.loky.backend.popen_loky_posix --process-name LokyProcess-519 --pipe 119
3411428       22:03 32.6  0.1 /home/marc/Documents/pivlab/clamp-analyses/.conda/envs/clamp-analyses/bin/python -m joblib.externals.loky.backend.popen_loky_posix --process-name LokyProcess-520 --pipe 120
3411429       22:03 32.5  0.1 /home/marc/Documents/pivlab/clamp-analyses/.conda/envs/clamp-analyses/bin/python -m joblib.externals.loky.backend.popen_loky_posix --process-name LokyProcess-521 --pipe 121
3411430       22:03 30.6  0.1 /home/marc/Documents/pivlab/clamp-analyses/.conda/envs/clamp-analyses/bin/python -m joblib.externals.loky.backend.popen_loky_posix --process-name LokyProcess-522 --pipe 122
3411431       22:03 23.6  0.1 /home/marc/Documents/pivlab/clamp-analyses/.conda/envs/clamp-analyses/bin/python -m joblib.externals.loky.backend.popen_loky_posix --process-name LokyProcess-523 --pipe 123
3411432       22:03 30.6  0.1 /home/marc/Documents/pivlab/clamp-analyses/.conda/envs/clamp-analyses/bin/python -m joblib.externals.loky.backend.popen_loky_posix --process-name LokyProcess-524 --pipe 124
3411433       22:03 27.2  0.1 /home/marc/Documents/pivlab/clamp-analyses/.conda/envs/clamp-analyses/bin/python -m joblib.externals.loky.backend.popen_loky_posix --process-name LokyProcess-525 --pipe 125
3411434       22:03 29.2  0.1 /home/marc/Documents/pivlab/clamp-analyses/.conda/envs/clamp-analyses/bin/python -m joblib.externals.loky.backend.popen_loky_posix --process-name LokyProcess-526 --pipe 126
3411435       22:03 26.8  0.1 /home/marc/Documents/pivlab/clamp-analyses/.conda/envs/clamp-analyses/bin/python -m joblib.externals.loky.backend.popen_loky_posix --process-name LokyProcess-527 --pipe 127
3411436       22:03 29.4  0.1 /home/marc/Documents/pivlab/clamp-analyses/.conda/envs/clamp-analyses/bin/python -m joblib.externals.loky.backend.popen_loky_posix --process-name LokyProcess-528 --pipe 128
log_markers:
===== START nbs/03_model_biology/01_gtex/03_rf_true_labels/00_LV_importance_true_labels.ipynb Wed Jun 24 14:50:43 MDT 2026 =====
output_counts:
1
output/03_model_biology/01_gtex/03_rf_true_labels/01_LV_importance_true_labels_biology/phenomexcan_simplified_phenotypes_info.tsv.gz

===== STATUS Wed Jun 24 21:52:09 MDT 2026 =====
runner_pid=3366595
runner=RUNNING
processes:
3366595    07:01:26  0.0  0.0 bash logs/run_03_rf_true_labels_bg.sh
3366601    07:01:26  0.0  0.0 python3.11 /home/marc/Documents/pivlab/clamp-analyses/.conda/envs/clamp-analyses/bin/jupyter-nbconvert --to notebook --execute --inplace --ExecutePreprocessor.timeout=-1 nbs/03_model_biology/01_gtex/03_rf_true_labels/00_LV_importance_true_labels.ipynb
3366604    07:01:25 56.7  1.1 /home/marc/Documents/pivlab/clamp-analyses/.conda/envs/clamp-analyses/bin/python -m ipykernel_launcher -f /tmp/tmp5q69_ol4.json --HistoryManager.hist_file=:memory:
3415370       19:03 38.0  0.1 /home/marc/Documents/pivlab/clamp-analyses/.conda/envs/clamp-analyses/bin/python -m joblib.externals.loky.backend.popen_loky_posix --process-name LokyProcess-529 --pipe 80
3415371       19:03 36.9  0.1 /home/marc/Documents/pivlab/clamp-analyses/.conda/envs/clamp-analyses/bin/python -m joblib.externals.loky.backend.popen_loky_posix --process-name LokyProcess-530 --pipe 81
3415372       19:03 35.6  0.1 /home/marc/Documents/pivlab/clamp-analyses/.conda/envs/clamp-analyses/bin/python -m joblib.externals.loky.backend.popen_loky_posix --process-name LokyProcess-531 --pipe 82
3415373       19:03 39.6  0.1 /home/marc/Documents/pivlab/clamp-analyses/.conda/envs/clamp-analyses/bin/python -m joblib.externals.loky.backend.popen_loky_posix --process-name LokyProcess-532 --pipe 83
3415374       19:03 40.6  0.1 /home/marc/Documents/pivlab/clamp-analyses/.conda/envs/clamp-analyses/bin/python -m joblib.externals.loky.backend.popen_loky_posix --process-name LokyProcess-533 --pipe 85
3415375       19:03 39.5  0.1 /home/marc/Documents/pivlab/clamp-analyses/.conda/envs/clamp-analyses/bin/python -m joblib.externals.loky.backend.popen_loky_posix --process-name LokyProcess-534 --pipe 86
3415376       19:03 36.4  0.1 /home/marc/Documents/pivlab/clamp-analyses/.conda/envs/clamp-analyses/bin/python -m joblib.externals.loky.backend.popen_loky_posix --process-name LokyProcess-535 --pipe 87
3415377       19:03 36.6  0.1 /home/marc/Documents/pivlab/clamp-analyses/.conda/envs/clamp-analyses/bin/python -m joblib.externals.loky.backend.popen_loky_posix --process-name LokyProcess-536 --pipe 89
3415378       19:03 35.5  0.1 /home/marc/Documents/pivlab/clamp-analyses/.conda/envs/clamp-analyses/bin/python -m joblib.externals.loky.backend.popen_loky_posix --process-name LokyProcess-537 --pipe 90
3415379       19:03 40.8  0.1 /home/marc/Documents/pivlab/clamp-analyses/.conda/envs/clamp-analyses/bin/python -m joblib.externals.loky.backend.popen_loky_posix --process-name LokyProcess-538 --pipe 91
3415380       19:03 34.6  0.1 /home/marc/Documents/pivlab/clamp-analyses/.conda/envs/clamp-analyses/bin/python -m joblib.externals.loky.backend.popen_loky_posix --process-name LokyProcess-539 --pipe 92
3415381       19:03 39.2  0.1 /home/marc/Documents/pivlab/clamp-analyses/.conda/envs/clamp-analyses/bin/python -m joblib.externals.loky.backend.popen_loky_posix --process-name LokyProcess-540 --pipe 93
3415382       19:03 42.5  0.1 /home/marc/Documents/pivlab/clamp-analyses/.conda/envs/clamp-analyses/bin/python -m joblib.externals.loky.backend.popen_loky_posix --process-name LokyProcess-541 --pipe 94
3415383       19:03 38.6  0.1 /home/marc/Documents/pivlab/clamp-analyses/.conda/envs/clamp-analyses/bin/python -m joblib.externals.loky.backend.popen_loky_posix --process-name LokyProcess-542 --pipe 95
3415384       19:03 42.2  0.1 /home/marc/Documents/pivlab/clamp-analyses/.conda/envs/clamp-analyses/bin/python -m joblib.externals.loky.backend.popen_loky_posix --process-name LokyProcess-543 --pipe 96
3415385       19:03 40.4  0.1 /home/marc/Documents/pivlab/clamp-analyses/.conda/envs/clamp-analyses/bin/python -m joblib.externals.loky.backend.popen_loky_posix --process-name LokyProcess-544 --pipe 97
3415386       19:03 39.3  0.1 /home/marc/Documents/pivlab/clamp-analyses/.conda/envs/clamp-analyses/bin/python -m joblib.externals.loky.backend.popen_loky_posix --process-name LokyProcess-545 --pipe 98
3415387       19:03 34.1  0.1 /home/marc/Documents/pivlab/clamp-analyses/.conda/envs/clamp-analyses/bin/python -m joblib.externals.loky.backend.popen_loky_posix --process-name LokyProcess-546 --pipe 99
3415388       19:03 44.8  0.1 /home/marc/Documents/pivlab/clamp-analyses/.conda/envs/clamp-analyses/bin/python -m joblib.externals.loky.backend.popen_loky_posix --process-name LokyProcess-547 --pipe 100
3415389       19:03 36.3  0.1 /home/marc/Documents/pivlab/clamp-analyses/.conda/envs/clamp-analyses/bin/python -m joblib.externals.loky.backend.popen_loky_posix --process-name LokyProcess-548 --pipe 101
3415390       19:03 38.0  0.1 /home/marc/Documents/pivlab/clamp-analyses/.conda/envs/clamp-analyses/bin/python -m joblib.externals.loky.backend.popen_loky_posix --process-name LokyProcess-549 --pipe 102
3415391       19:03 38.6  0.1 /home/marc/Documents/pivlab/clamp-analyses/.conda/envs/clamp-analyses/bin/python -m joblib.externals.loky.backend.popen_loky_posix --process-name LokyProcess-550 --pipe 103
3415392       19:03 39.1  0.1 /home/marc/Documents/pivlab/clamp-analyses/.conda/envs/clamp-analyses/bin/python -m joblib.externals.loky.backend.popen_loky_posix --process-name LokyProcess-551 --pipe 104
3415393       19:03 42.5  0.1 /home/marc/Documents/pivlab/clamp-analyses/.conda/envs/clamp-analyses/bin/python -m joblib.externals.loky.backend.popen_loky_posix --process-name LokyProcess-552 --pipe 105
3415394       19:03 40.4  0.1 /home/marc/Documents/pivlab/clamp-analyses/.conda/envs/clamp-analyses/bin/python -m joblib.externals.loky.backend.popen_loky_posix --process-name LokyProcess-553 --pipe 105
3415395       19:03 44.5  0.1 /home/marc/Documents/pivlab/clamp-analyses/.conda/envs/clamp-analyses/bin/python -m joblib.externals.loky.backend.popen_loky_posix --process-name LokyProcess-554 --pipe 106
3415396       19:03 47.7  0.1 /home/marc/Documents/pivlab/clamp-analyses/.conda/envs/clamp-analyses/bin/python -m joblib.externals.loky.backend.popen_loky_posix --process-name LokyProcess-555 --pipe 107
3415397       19:03 37.9  0.1 /home/marc/Documents/pivlab/clamp-analyses/.conda/envs/clamp-analyses/bin/python -m joblib.externals.loky.backend.popen_loky_posix --process-name LokyProcess-556 --pipe 108
3415398       19:03 43.8  0.1 /home/marc/Documents/pivlab/clamp-analyses/.conda/envs/clamp-analyses/bin/python -m joblib.externals.loky.backend.popen_loky_posix --process-name LokyProcess-557 --pipe 109
3415399       19:03 43.8  0.1 /home/marc/Documents/pivlab/clamp-analyses/.conda/envs/clamp-analyses/bin/python -m joblib.externals.loky.backend.popen_loky_posix --process-name LokyProcess-558 --pipe 110
3415400       19:03 41.4  0.1 /home/marc/Documents/pivlab/clamp-analyses/.conda/envs/clamp-analyses/bin/python -m joblib.externals.loky.backend.popen_loky_posix --process-name LokyProcess-559 --pipe 111
3415401       19:03 35.2  0.1 /home/marc/Documents/pivlab/clamp-analyses/.conda/envs/clamp-analyses/bin/python -m joblib.externals.loky.backend.popen_loky_posix --process-name LokyProcess-560 --pipe 112
3415402       19:03 32.7  0.1 /home/marc/Documents/pivlab/clamp-analyses/.conda/envs/clamp-analyses/bin/python -m joblib.externals.loky.backend.popen_loky_posix --process-name LokyProcess-561 --pipe 113
3415403       19:03 36.0  0.1 /home/marc/Documents/pivlab/clamp-analyses/.conda/envs/clamp-analyses/bin/python -m joblib.externals.loky.backend.popen_loky_posix --process-name LokyProcess-562 --pipe 114
3415404       19:03 36.6  0.1 /home/marc/Documents/pivlab/clamp-analyses/.conda/envs/clamp-analyses/bin/python -m joblib.externals.loky.backend.popen_loky_posix --process-name LokyProcess-563 --pipe 115
3415405       19:03 36.5  0.1 /home/marc/Documents/pivlab/clamp-analyses/.conda/envs/clamp-analyses/bin/python -m joblib.externals.loky.backend.popen_loky_posix --process-name LokyProcess-564 --pipe 116
3415406       19:03 36.1  0.1 /home/marc/Documents/pivlab/clamp-analyses/.conda/envs/clamp-analyses/bin/python -m joblib.externals.loky.backend.popen_loky_posix --process-name LokyProcess-565 --pipe 117
3415407       19:03 38.6  0.1 /home/marc/Documents/pivlab/clamp-analyses/.conda/envs/clamp-analyses/bin/python -m joblib.externals.loky.backend.popen_loky_posix --process-name LokyProcess-566 --pipe 118
3415408       19:03 42.9  0.1 /home/marc/Documents/pivlab/clamp-analyses/.conda/envs/clamp-analyses/bin/python -m joblib.externals.loky.backend.popen_loky_posix --process-name LokyProcess-567 --pipe 119
3415409       19:03 44.5  0.1 /home/marc/Documents/pivlab/clamp-analyses/.conda/envs/clamp-analyses/bin/python -m joblib.externals.loky.backend.popen_loky_posix --process-name LokyProcess-568 --pipe 120
3415410       19:03 41.8  0.1 /home/marc/Documents/pivlab/clamp-analyses/.conda/envs/clamp-analyses/bin/python -m joblib.externals.loky.backend.popen_loky_posix --process-name LokyProcess-569 --pipe 121
3415411       19:03 44.7  0.1 /home/marc/Documents/pivlab/clamp-analyses/.conda/envs/clamp-analyses/bin/python -m joblib.externals.loky.backend.popen_loky_posix --process-name LokyProcess-570 --pipe 122
3415412       19:03 44.2  0.1 /home/marc/Documents/pivlab/clamp-analyses/.conda/envs/clamp-analyses/bin/python -m joblib.externals.loky.backend.popen_loky_posix --process-name LokyProcess-571 --pipe 123
3415413       19:03 42.8  0.1 /home/marc/Documents/pivlab/clamp-analyses/.conda/envs/clamp-analyses/bin/python -m joblib.externals.loky.backend.popen_loky_posix --process-name LokyProcess-572 --pipe 124
3415414       19:03 40.2  0.1 /home/marc/Documents/pivlab/clamp-analyses/.conda/envs/clamp-analyses/bin/python -m joblib.externals.loky.backend.popen_loky_posix --process-name LokyProcess-573 --pipe 125
3415415       19:03 39.4  0.1 /home/marc/Documents/pivlab/clamp-analyses/.conda/envs/clamp-analyses/bin/python -m joblib.externals.loky.backend.popen_loky_posix --process-name LokyProcess-574 --pipe 126
3415416       19:03 33.2  0.1 /home/marc/Documents/pivlab/clamp-analyses/.conda/envs/clamp-analyses/bin/python -m joblib.externals.loky.backend.popen_loky_posix --process-name LokyProcess-575 --pipe 127
3415417       19:03 42.1  0.1 /home/marc/Documents/pivlab/clamp-analyses/.conda/envs/clamp-analyses/bin/python -m joblib.externals.loky.backend.popen_loky_posix --process-name LokyProcess-576 --pipe 128
log_markers:
===== START nbs/03_model_biology/01_gtex/03_rf_true_labels/00_LV_importance_true_labels.ipynb Wed Jun 24 14:50:43 MDT 2026 =====
output_counts:
1
output/03_model_biology/01_gtex/03_rf_true_labels/01_LV_importance_true_labels_biology/phenomexcan_simplified_phenotypes_info.tsv.gz

===== STATUS Wed Jun 24 22:22:09 MDT 2026 =====
runner_pid=3366595
runner=RUNNING
processes:
3366595    07:31:26  0.0  0.0 bash logs/run_03_rf_true_labels_bg.sh
3366601    07:31:26  0.0  0.0 python3.11 /home/marc/Documents/pivlab/clamp-analyses/.conda/envs/clamp-analyses/bin/jupyter-nbconvert --to notebook --execute --inplace --ExecutePreprocessor.timeout=-1 nbs/03_model_biology/01_gtex/03_rf_true_labels/00_LV_importance_true_labels.ipynb
3366604    07:31:25 56.0  1.1 /home/marc/Documents/pivlab/clamp-analyses/.conda/envs/clamp-analyses/bin/python -m ipykernel_launcher -f /tmp/tmp5q69_ol4.json --HistoryManager.hist_file=:memory:
3415370       49:03 31.2  0.1 /home/marc/Documents/pivlab/clamp-analyses/.conda/envs/clamp-analyses/bin/python -m joblib.externals.loky.backend.popen_loky_posix --process-name LokyProcess-529 --pipe 80
3415371       49:03 33.5  0.1 /home/marc/Documents/pivlab/clamp-analyses/.conda/envs/clamp-analyses/bin/python -m joblib.externals.loky.backend.popen_loky_posix --process-name LokyProcess-530 --pipe 81
3415372       49:03 29.6  0.1 /home/marc/Documents/pivlab/clamp-analyses/.conda/envs/clamp-analyses/bin/python -m joblib.externals.loky.backend.popen_loky_posix --process-name LokyProcess-531 --pipe 82
3415373       49:03 35.7  0.1 /home/marc/Documents/pivlab/clamp-analyses/.conda/envs/clamp-analyses/bin/python -m joblib.externals.loky.backend.popen_loky_posix --process-name LokyProcess-532 --pipe 83
3415374       49:03 37.0  0.1 /home/marc/Documents/pivlab/clamp-analyses/.conda/envs/clamp-analyses/bin/python -m joblib.externals.loky.backend.popen_loky_posix --process-name LokyProcess-533 --pipe 85
3415375       49:03 34.6  0.1 /home/marc/Documents/pivlab/clamp-analyses/.conda/envs/clamp-analyses/bin/python -m joblib.externals.loky.backend.popen_loky_posix --process-name LokyProcess-534 --pipe 86
3415376       49:03 31.7  0.1 /home/marc/Documents/pivlab/clamp-analyses/.conda/envs/clamp-analyses/bin/python -m joblib.externals.loky.backend.popen_loky_posix --process-name LokyProcess-535 --pipe 87
3415377       49:03 34.7  0.1 /home/marc/Documents/pivlab/clamp-analyses/.conda/envs/clamp-analyses/bin/python -m joblib.externals.loky.backend.popen_loky_posix --process-name LokyProcess-536 --pipe 89
3415378       49:03 32.2  0.1 /home/marc/Documents/pivlab/clamp-analyses/.conda/envs/clamp-analyses/bin/python -m joblib.externals.loky.backend.popen_loky_posix --process-name LokyProcess-537 --pipe 90
3415379       49:03 37.2  0.1 /home/marc/Documents/pivlab/clamp-analyses/.conda/envs/clamp-analyses/bin/python -m joblib.externals.loky.backend.popen_loky_posix --process-name LokyProcess-538 --pipe 91
3415380       49:03 35.4  0.1 /home/marc/Documents/pivlab/clamp-analyses/.conda/envs/clamp-analyses/bin/python -m joblib.externals.loky.backend.popen_loky_posix --process-name LokyProcess-539 --pipe 92
3415381       49:03 34.5  0.1 /home/marc/Documents/pivlab/clamp-analyses/.conda/envs/clamp-analyses/bin/python -m joblib.externals.loky.backend.popen_loky_posix --process-name LokyProcess-540 --pipe 93
3415382       49:03 37.8  0.1 /home/marc/Documents/pivlab/clamp-analyses/.conda/envs/clamp-analyses/bin/python -m joblib.externals.loky.backend.popen_loky_posix --process-name LokyProcess-541 --pipe 94
3415383       49:03 33.1  0.1 /home/marc/Documents/pivlab/clamp-analyses/.conda/envs/clamp-analyses/bin/python -m joblib.externals.loky.backend.popen_loky_posix --process-name LokyProcess-542 --pipe 95
3415384       49:03 35.9  0.1 /home/marc/Documents/pivlab/clamp-analyses/.conda/envs/clamp-analyses/bin/python -m joblib.externals.loky.backend.popen_loky_posix --process-name LokyProcess-543 --pipe 96
3415385       49:03 32.6  0.1 /home/marc/Documents/pivlab/clamp-analyses/.conda/envs/clamp-analyses/bin/python -m joblib.externals.loky.backend.popen_loky_posix --process-name LokyProcess-544 --pipe 97
3415386       49:03 34.8  0.1 /home/marc/Documents/pivlab/clamp-analyses/.conda/envs/clamp-analyses/bin/python -m joblib.externals.loky.backend.popen_loky_posix --process-name LokyProcess-545 --pipe 98
3415387       49:03 32.1  0.1 /home/marc/Documents/pivlab/clamp-analyses/.conda/envs/clamp-analyses/bin/python -m joblib.externals.loky.backend.popen_loky_posix --process-name LokyProcess-546 --pipe 99
3415388       49:03 38.6  0.1 /home/marc/Documents/pivlab/clamp-analyses/.conda/envs/clamp-analyses/bin/python -m joblib.externals.loky.backend.popen_loky_posix --process-name LokyProcess-547 --pipe 100
3415389       49:03 34.5  0.1 /home/marc/Documents/pivlab/clamp-analyses/.conda/envs/clamp-analyses/bin/python -m joblib.externals.loky.backend.popen_loky_posix --process-name LokyProcess-548 --pipe 101
3415390       49:03 31.3  0.1 /home/marc/Documents/pivlab/clamp-analyses/.conda/envs/clamp-analyses/bin/python -m joblib.externals.loky.backend.popen_loky_posix --process-name LokyProcess-549 --pipe 102
3415391       49:03 36.6  0.1 /home/marc/Documents/pivlab/clamp-analyses/.conda/envs/clamp-analyses/bin/python -m joblib.externals.loky.backend.popen_loky_posix --process-name LokyProcess-550 --pipe 103
3415392       49:03 37.1  0.1 /home/marc/Documents/pivlab/clamp-analyses/.conda/envs/clamp-analyses/bin/python -m joblib.externals.loky.backend.popen_loky_posix --process-name LokyProcess-551 --pipe 104
3415393       49:03 35.7  0.1 /home/marc/Documents/pivlab/clamp-analyses/.conda/envs/clamp-analyses/bin/python -m joblib.externals.loky.backend.popen_loky_posix --process-name LokyProcess-552 --pipe 105
3415394       49:03 34.9  0.1 /home/marc/Documents/pivlab/clamp-analyses/.conda/envs/clamp-analyses/bin/python -m joblib.externals.loky.backend.popen_loky_posix --process-name LokyProcess-553 --pipe 105
3415395       49:03 38.4  0.1 /home/marc/Documents/pivlab/clamp-analyses/.conda/envs/clamp-analyses/bin/python -m joblib.externals.loky.backend.popen_loky_posix --process-name LokyProcess-554 --pipe 106
3415396       49:03 35.4  0.1 /home/marc/Documents/pivlab/clamp-analyses/.conda/envs/clamp-analyses/bin/python -m joblib.externals.loky.backend.popen_loky_posix --process-name LokyProcess-555 --pipe 107
3415397       49:03 35.4  0.1 /home/marc/Documents/pivlab/clamp-analyses/.conda/envs/clamp-analyses/bin/python -m joblib.externals.loky.backend.popen_loky_posix --process-name LokyProcess-556 --pipe 108
3415398       49:03 33.5  0.1 /home/marc/Documents/pivlab/clamp-analyses/.conda/envs/clamp-analyses/bin/python -m joblib.externals.loky.backend.popen_loky_posix --process-name LokyProcess-557 --pipe 109
3415399       49:03 36.7  0.1 /home/marc/Documents/pivlab/clamp-analyses/.conda/envs/clamp-analyses/bin/python -m joblib.externals.loky.backend.popen_loky_posix --process-name LokyProcess-558 --pipe 110
3415400       49:03 34.3  0.1 /home/marc/Documents/pivlab/clamp-analyses/.conda/envs/clamp-analyses/bin/python -m joblib.externals.loky.backend.popen_loky_posix --process-name LokyProcess-559 --pipe 111
3415401       49:03 34.8  0.1 /home/marc/Documents/pivlab/clamp-analyses/.conda/envs/clamp-analyses/bin/python -m joblib.externals.loky.backend.popen_loky_posix --process-name LokyProcess-560 --pipe 112
3415402       49:03 30.3  0.1 /home/marc/Documents/pivlab/clamp-analyses/.conda/envs/clamp-analyses/bin/python -m joblib.externals.loky.backend.popen_loky_posix --process-name LokyProcess-561 --pipe 113
3415403       49:03 35.9  0.1 /home/marc/Documents/pivlab/clamp-analyses/.conda/envs/clamp-analyses/bin/python -m joblib.externals.loky.backend.popen_loky_posix --process-name LokyProcess-562 --pipe 114
3415404       49:03 31.7  0.1 /home/marc/Documents/pivlab/clamp-analyses/.conda/envs/clamp-analyses/bin/python -m joblib.externals.loky.backend.popen_loky_posix --process-name LokyProcess-563 --pipe 115
3415405       49:03 32.1  0.1 /home/marc/Documents/pivlab/clamp-analyses/.conda/envs/clamp-analyses/bin/python -m joblib.externals.loky.backend.popen_loky_posix --process-name LokyProcess-564 --pipe 116
3415406       49:03 31.0  0.1 /home/marc/Documents/pivlab/clamp-analyses/.conda/envs/clamp-analyses/bin/python -m joblib.externals.loky.backend.popen_loky_posix --process-name LokyProcess-565 --pipe 117
3415407       49:03 33.1  0.1 /home/marc/Documents/pivlab/clamp-analyses/.conda/envs/clamp-analyses/bin/python -m joblib.externals.loky.backend.popen_loky_posix --process-name LokyProcess-566 --pipe 118
3415408       49:03 35.0  0.1 /home/marc/Documents/pivlab/clamp-analyses/.conda/envs/clamp-analyses/bin/python -m joblib.externals.loky.backend.popen_loky_posix --process-name LokyProcess-567 --pipe 119
3415409       49:03 36.4  0.1 /home/marc/Documents/pivlab/clamp-analyses/.conda/envs/clamp-analyses/bin/python -m joblib.externals.loky.backend.popen_loky_posix --process-name LokyProcess-568 --pipe 120
3415410       49:03 36.8  0.1 /home/marc/Documents/pivlab/clamp-analyses/.conda/envs/clamp-analyses/bin/python -m joblib.externals.loky.backend.popen_loky_posix --process-name LokyProcess-569 --pipe 121
3415411       49:03 35.8  0.1 /home/marc/Documents/pivlab/clamp-analyses/.conda/envs/clamp-analyses/bin/python -m joblib.externals.loky.backend.popen_loky_posix --process-name LokyProcess-570 --pipe 122
3415412       49:03 35.9  0.1 /home/marc/Documents/pivlab/clamp-analyses/.conda/envs/clamp-analyses/bin/python -m joblib.externals.loky.backend.popen_loky_posix --process-name LokyProcess-571 --pipe 123
3415413       49:03 35.9  0.1 /home/marc/Documents/pivlab/clamp-analyses/.conda/envs/clamp-analyses/bin/python -m joblib.externals.loky.backend.popen_loky_posix --process-name LokyProcess-572 --pipe 124
3415414       49:03 40.2  0.1 /home/marc/Documents/pivlab/clamp-analyses/.conda/envs/clamp-analyses/bin/python -m joblib.externals.loky.backend.popen_loky_posix --process-name LokyProcess-573 --pipe 125
3415415       49:03 33.4  0.1 /home/marc/Documents/pivlab/clamp-analyses/.conda/envs/clamp-analyses/bin/python -m joblib.externals.loky.backend.popen_loky_posix --process-name LokyProcess-574 --pipe 126
3415416       49:03 33.3  0.1 /home/marc/Documents/pivlab/clamp-analyses/.conda/envs/clamp-analyses/bin/python -m joblib.externals.loky.backend.popen_loky_posix --process-name LokyProcess-575 --pipe 127
3415417       49:03 36.9  0.1 /home/marc/Documents/pivlab/clamp-analyses/.conda/envs/clamp-analyses/bin/python -m joblib.externals.loky.backend.popen_loky_posix --process-name LokyProcess-576 --pipe 128
log_markers:
===== START nbs/03_model_biology/01_gtex/03_rf_true_labels/00_LV_importance_true_labels.ipynb Wed Jun 24 14:50:43 MDT 2026 =====
output_counts:
1
output/03_model_biology/01_gtex/03_rf_true_labels/01_LV_importance_true_labels_biology/phenomexcan_simplified_phenotypes_info.tsv.gz

===== STATUS Wed Jun 24 22:52:09 MDT 2026 =====
runner_pid=3366595
runner=RUNNING
processes:
3366595    08:01:26  0.0  0.0 bash logs/run_03_rf_true_labels_bg.sh
3366601    08:01:26  0.0  0.0 python3.11 /home/marc/Documents/pivlab/clamp-analyses/.conda/envs/clamp-analyses/bin/jupyter-nbconvert --to notebook --execute --inplace --ExecutePreprocessor.timeout=-1 nbs/03_model_biology/01_gtex/03_rf_true_labels/00_LV_importance_true_labels.ipynb
3366604    08:01:25 57.0  1.1 /home/marc/Documents/pivlab/clamp-analyses/.conda/envs/clamp-analyses/bin/python -m ipykernel_launcher -f /tmp/tmp5q69_ol4.json --HistoryManager.hist_file=:memory:
3423955       07:06 38.0  0.1 /home/marc/Documents/pivlab/clamp-analyses/.conda/envs/clamp-analyses/bin/python -m joblib.externals.loky.backend.popen_loky_posix --process-name LokyProcess-577 --pipe 81
3423956       07:06 36.5  0.1 /home/marc/Documents/pivlab/clamp-analyses/.conda/envs/clamp-analyses/bin/python -m joblib.externals.loky.backend.popen_loky_posix --process-name LokyProcess-578 --pipe 82
3423957       07:06 37.1  0.1 /home/marc/Documents/pivlab/clamp-analyses/.conda/envs/clamp-analyses/bin/python -m joblib.externals.loky.backend.popen_loky_posix --process-name LokyProcess-579 --pipe 83
3423958       07:06 40.2  0.1 /home/marc/Documents/pivlab/clamp-analyses/.conda/envs/clamp-analyses/bin/python -m joblib.externals.loky.backend.popen_loky_posix --process-name LokyProcess-580 --pipe 84
3423959       07:06 31.6  0.1 /home/marc/Documents/pivlab/clamp-analyses/.conda/envs/clamp-analyses/bin/python -m joblib.externals.loky.backend.popen_loky_posix --process-name LokyProcess-581 --pipe 85
3423960       07:06 31.7  0.1 /home/marc/Documents/pivlab/clamp-analyses/.conda/envs/clamp-analyses/bin/python -m joblib.externals.loky.backend.popen_loky_posix --process-name LokyProcess-582 --pipe 86
3423961       07:06 32.7  0.1 /home/marc/Documents/pivlab/clamp-analyses/.conda/envs/clamp-analyses/bin/python -m joblib.externals.loky.backend.popen_loky_posix --process-name LokyProcess-583 --pipe 87
3423962       07:06 36.6  0.1 /home/marc/Documents/pivlab/clamp-analyses/.conda/envs/clamp-analyses/bin/python -m joblib.externals.loky.backend.popen_loky_posix --process-name LokyProcess-584 --pipe 89
3423963       07:06 39.5  0.1 /home/marc/Documents/pivlab/clamp-analyses/.conda/envs/clamp-analyses/bin/python -m joblib.externals.loky.backend.popen_loky_posix --process-name LokyProcess-585 --pipe 90
3423964       07:06 31.9  0.1 /home/marc/Documents/pivlab/clamp-analyses/.conda/envs/clamp-analyses/bin/python -m joblib.externals.loky.backend.popen_loky_posix --process-name LokyProcess-586 --pipe 91
3423965       07:06 30.5  0.1 /home/marc/Documents/pivlab/clamp-analyses/.conda/envs/clamp-analyses/bin/python -m joblib.externals.loky.backend.popen_loky_posix --process-name LokyProcess-587 --pipe 92
3423966       07:06 37.9  0.1 /home/marc/Documents/pivlab/clamp-analyses/.conda/envs/clamp-analyses/bin/python -m joblib.externals.loky.backend.popen_loky_posix --process-name LokyProcess-588 --pipe 93
3423967       07:06 37.2  0.1 /home/marc/Documents/pivlab/clamp-analyses/.conda/envs/clamp-analyses/bin/python -m joblib.externals.loky.backend.popen_loky_posix --process-name LokyProcess-589 --pipe 94
3423968       07:06 42.3  0.1 /home/marc/Documents/pivlab/clamp-analyses/.conda/envs/clamp-analyses/bin/python -m joblib.externals.loky.backend.popen_loky_posix --process-name LokyProcess-590 --pipe 95
3423969       07:06 38.5  0.1 /home/marc/Documents/pivlab/clamp-analyses/.conda/envs/clamp-analyses/bin/python -m joblib.externals.loky.backend.popen_loky_posix --process-name LokyProcess-591 --pipe 96
3423970       07:06 38.0  0.1 /home/marc/Documents/pivlab/clamp-analyses/.conda/envs/clamp-analyses/bin/python -m joblib.externals.loky.backend.popen_loky_posix --process-name LokyProcess-592 --pipe 97
3423971       07:06 47.5  0.1 /home/marc/Documents/pivlab/clamp-analyses/.conda/envs/clamp-analyses/bin/python -m joblib.externals.loky.backend.popen_loky_posix --process-name LokyProcess-593 --pipe 98
3423972       07:06 38.0  0.1 /home/marc/Documents/pivlab/clamp-analyses/.conda/envs/clamp-analyses/bin/python -m joblib.externals.loky.backend.popen_loky_posix --process-name LokyProcess-594 --pipe 99
3423973       07:06 36.4  0.1 /home/marc/Documents/pivlab/clamp-analyses/.conda/envs/clamp-analyses/bin/python -m joblib.externals.loky.backend.popen_loky_posix --process-name LokyProcess-595 --pipe 100
3423974       07:06 40.4  0.1 /home/marc/Documents/pivlab/clamp-analyses/.conda/envs/clamp-analyses/bin/python -m joblib.externals.loky.backend.popen_loky_posix --process-name LokyProcess-596 --pipe 101
3423975       07:06 34.1  0.1 /home/marc/Documents/pivlab/clamp-analyses/.conda/envs/clamp-analyses/bin/python -m joblib.externals.loky.backend.popen_loky_posix --process-name LokyProcess-597 --pipe 102
3423976       07:06 30.2  0.1 /home/marc/Documents/pivlab/clamp-analyses/.conda/envs/clamp-analyses/bin/python -m joblib.externals.loky.backend.popen_loky_posix --process-name LokyProcess-598 --pipe 103
3423977       07:06 39.8  0.1 /home/marc/Documents/pivlab/clamp-analyses/.conda/envs/clamp-analyses/bin/python -m joblib.externals.loky.backend.popen_loky_posix --process-name LokyProcess-599 --pipe 103
3423978       07:06 37.1  0.1 /home/marc/Documents/pivlab/clamp-analyses/.conda/envs/clamp-analyses/bin/python -m joblib.externals.loky.backend.popen_loky_posix --process-name LokyProcess-600 --pipe 104
3423979       07:06 38.4  0.1 /home/marc/Documents/pivlab/clamp-analyses/.conda/envs/clamp-analyses/bin/python -m joblib.externals.loky.backend.popen_loky_posix --process-name LokyProcess-601 --pipe 105
3423980       07:06 27.5  0.1 /home/marc/Documents/pivlab/clamp-analyses/.conda/envs/clamp-analyses/bin/python -m joblib.externals.loky.backend.popen_loky_posix --process-name LokyProcess-602 --pipe 106
3423981       07:06 33.0  0.1 /home/marc/Documents/pivlab/clamp-analyses/.conda/envs/clamp-analyses/bin/python -m joblib.externals.loky.backend.popen_loky_posix --process-name LokyProcess-603 --pipe 107
3423982       07:06 44.0  0.1 /home/marc/Documents/pivlab/clamp-analyses/.conda/envs/clamp-analyses/bin/python -m joblib.externals.loky.backend.popen_loky_posix --process-name LokyProcess-604 --pipe 108
3423983       07:06 32.2  0.1 /home/marc/Documents/pivlab/clamp-analyses/.conda/envs/clamp-analyses/bin/python -m joblib.externals.loky.backend.popen_loky_posix --process-name LokyProcess-605 --pipe 109
3423984       07:06 37.0  0.1 /home/marc/Documents/pivlab/clamp-analyses/.conda/envs/clamp-analyses/bin/python -m joblib.externals.loky.backend.popen_loky_posix --process-name LokyProcess-606 --pipe 110
3423985       07:06 33.7  0.1 /home/marc/Documents/pivlab/clamp-analyses/.conda/envs/clamp-analyses/bin/python -m joblib.externals.loky.backend.popen_loky_posix --process-name LokyProcess-607 --pipe 111
3423986       07:06 35.3  0.1 /home/marc/Documents/pivlab/clamp-analyses/.conda/envs/clamp-analyses/bin/python -m joblib.externals.loky.backend.popen_loky_posix --process-name LokyProcess-608 --pipe 112
3423987       07:06 32.5  0.1 /home/marc/Documents/pivlab/clamp-analyses/.conda/envs/clamp-analyses/bin/python -m joblib.externals.loky.backend.popen_loky_posix --process-name LokyProcess-609 --pipe 113
3423988       07:06 28.8  0.1 /home/marc/Documents/pivlab/clamp-analyses/.conda/envs/clamp-analyses/bin/python -m joblib.externals.loky.backend.popen_loky_posix --process-name LokyProcess-610 --pipe 114
3423989       07:06 31.6  0.1 /home/marc/Documents/pivlab/clamp-analyses/.conda/envs/clamp-analyses/bin/python -m joblib.externals.loky.backend.popen_loky_posix --process-name LokyProcess-611 --pipe 115
3423990       07:06 37.9  0.1 /home/marc/Documents/pivlab/clamp-analyses/.conda/envs/clamp-analyses/bin/python -m joblib.externals.loky.backend.popen_loky_posix --process-name LokyProcess-612 --pipe 116
3423991       07:06 32.5  0.1 /home/marc/Documents/pivlab/clamp-analyses/.conda/envs/clamp-analyses/bin/python -m joblib.externals.loky.backend.popen_loky_posix --process-name LokyProcess-613 --pipe 117
3423992       07:06 29.3  0.1 /home/marc/Documents/pivlab/clamp-analyses/.conda/envs/clamp-analyses/bin/python -m joblib.externals.loky.backend.popen_loky_posix --process-name LokyProcess-614 --pipe 118
3423993       07:06 44.2  0.1 /home/marc/Documents/pivlab/clamp-analyses/.conda/envs/clamp-analyses/bin/python -m joblib.externals.loky.backend.popen_loky_posix --process-name LokyProcess-615 --pipe 119
3423994       07:06 28.7  0.1 /home/marc/Documents/pivlab/clamp-analyses/.conda/envs/clamp-analyses/bin/python -m joblib.externals.loky.backend.popen_loky_posix --process-name LokyProcess-616 --pipe 120
3423995       07:06 34.3  0.1 /home/marc/Documents/pivlab/clamp-analyses/.conda/envs/clamp-analyses/bin/python -m joblib.externals.loky.backend.popen_loky_posix --process-name LokyProcess-617 --pipe 121
3423996       07:06 36.8  0.1 /home/marc/Documents/pivlab/clamp-analyses/.conda/envs/clamp-analyses/bin/python -m joblib.externals.loky.backend.popen_loky_posix --process-name LokyProcess-618 --pipe 122
3423997       07:06 29.3  0.1 /home/marc/Documents/pivlab/clamp-analyses/.conda/envs/clamp-analyses/bin/python -m joblib.externals.loky.backend.popen_loky_posix --process-name LokyProcess-619 --pipe 123
3423998       07:06 30.9  0.1 /home/marc/Documents/pivlab/clamp-analyses/.conda/envs/clamp-analyses/bin/python -m joblib.externals.loky.backend.popen_loky_posix --process-name LokyProcess-620 --pipe 124
3423999       07:06 42.5  0.1 /home/marc/Documents/pivlab/clamp-analyses/.conda/envs/clamp-analyses/bin/python -m joblib.externals.loky.backend.popen_loky_posix --process-name LokyProcess-621 --pipe 125
3424000       07:06 29.4  0.1 /home/marc/Documents/pivlab/clamp-analyses/.conda/envs/clamp-analyses/bin/python -m joblib.externals.loky.backend.popen_loky_posix --process-name LokyProcess-622 --pipe 126
3424001       07:06 32.8  0.1 /home/marc/Documents/pivlab/clamp-analyses/.conda/envs/clamp-analyses/bin/python -m joblib.externals.loky.backend.popen_loky_posix --process-name LokyProcess-623 --pipe 127
3424002       07:06 37.8  0.1 /home/marc/Documents/pivlab/clamp-analyses/.conda/envs/clamp-analyses/bin/python -m joblib.externals.loky.backend.popen_loky_posix --process-name LokyProcess-624 --pipe 128
log_markers:
===== START nbs/03_model_biology/01_gtex/03_rf_true_labels/00_LV_importance_true_labels.ipynb Wed Jun 24 14:50:43 MDT 2026 =====
output_counts:
1
output/03_model_biology/01_gtex/03_rf_true_labels/01_LV_importance_true_labels_biology/phenomexcan_simplified_phenotypes_info.tsv.gz

===== STATUS Wed Jun 24 23:22:09 MDT 2026 =====
runner_pid=3366595
runner=RUNNING
processes:
3366595    08:31:26  0.0  0.0 bash logs/run_03_rf_true_labels_bg.sh
3366601    08:31:26  0.0  0.0 python3.11 /home/marc/Documents/pivlab/clamp-analyses/.conda/envs/clamp-analyses/bin/jupyter-nbconvert --to notebook --execute --inplace --ExecutePreprocessor.timeout=-1 nbs/03_model_biology/01_gtex/03_rf_true_labels/00_LV_importance_true_labels.ipynb
3366604    08:31:25 56.6  1.1 /home/marc/Documents/pivlab/clamp-analyses/.conda/envs/clamp-analyses/bin/python -m ipykernel_launcher -f /tmp/tmp5q69_ol4.json --HistoryManager.hist_file=:memory:
3423955       37:06 33.7  0.1 /home/marc/Documents/pivlab/clamp-analyses/.conda/envs/clamp-analyses/bin/python -m joblib.externals.loky.backend.popen_loky_posix --process-name LokyProcess-577 --pipe 81
3423956       37:06 32.8  0.1 /home/marc/Documents/pivlab/clamp-analyses/.conda/envs/clamp-analyses/bin/python -m joblib.externals.loky.backend.popen_loky_posix --process-name LokyProcess-578 --pipe 82
3423957       37:06 33.3  0.1 /home/marc/Documents/pivlab/clamp-analyses/.conda/envs/clamp-analyses/bin/python -m joblib.externals.loky.backend.popen_loky_posix --process-name LokyProcess-579 --pipe 83
3423958       37:06 29.3  0.1 /home/marc/Documents/pivlab/clamp-analyses/.conda/envs/clamp-analyses/bin/python -m joblib.externals.loky.backend.popen_loky_posix --process-name LokyProcess-580 --pipe 84
3423959       37:06 34.0  0.1 /home/marc/Documents/pivlab/clamp-analyses/.conda/envs/clamp-analyses/bin/python -m joblib.externals.loky.backend.popen_loky_posix --process-name LokyProcess-581 --pipe 85
3423960       37:06 30.5  0.1 /home/marc/Documents/pivlab/clamp-analyses/.conda/envs/clamp-analyses/bin/python -m joblib.externals.loky.backend.popen_loky_posix --process-name LokyProcess-582 --pipe 86
3423961       37:06 34.9  0.1 /home/marc/Documents/pivlab/clamp-analyses/.conda/envs/clamp-analyses/bin/python -m joblib.externals.loky.backend.popen_loky_posix --process-name LokyProcess-583 --pipe 87
3423962       37:06 37.4  0.1 /home/marc/Documents/pivlab/clamp-analyses/.conda/envs/clamp-analyses/bin/python -m joblib.externals.loky.backend.popen_loky_posix --process-name LokyProcess-584 --pipe 89
3423963       37:06 30.9  0.1 /home/marc/Documents/pivlab/clamp-analyses/.conda/envs/clamp-analyses/bin/python -m joblib.externals.loky.backend.popen_loky_posix --process-name LokyProcess-585 --pipe 90
3423964       37:06 30.9  0.1 /home/marc/Documents/pivlab/clamp-analyses/.conda/envs/clamp-analyses/bin/python -m joblib.externals.loky.backend.popen_loky_posix --process-name LokyProcess-586 --pipe 91
3423965       37:06 32.9  0.1 /home/marc/Documents/pivlab/clamp-analyses/.conda/envs/clamp-analyses/bin/python -m joblib.externals.loky.backend.popen_loky_posix --process-name LokyProcess-587 --pipe 92
3423966       37:06 34.7  0.1 /home/marc/Documents/pivlab/clamp-analyses/.conda/envs/clamp-analyses/bin/python -m joblib.externals.loky.backend.popen_loky_posix --process-name LokyProcess-588 --pipe 93
3423967       37:06 36.2  0.1 /home/marc/Documents/pivlab/clamp-analyses/.conda/envs/clamp-analyses/bin/python -m joblib.externals.loky.backend.popen_loky_posix --process-name LokyProcess-589 --pipe 94
3423968       37:06 32.7  0.1 /home/marc/Documents/pivlab/clamp-analyses/.conda/envs/clamp-analyses/bin/python -m joblib.externals.loky.backend.popen_loky_posix --process-name LokyProcess-590 --pipe 95
3423969       37:06 33.6  0.1 /home/marc/Documents/pivlab/clamp-analyses/.conda/envs/clamp-analyses/bin/python -m joblib.externals.loky.backend.popen_loky_posix --process-name LokyProcess-591 --pipe 96
3423970       37:06 35.6  0.1 /home/marc/Documents/pivlab/clamp-analyses/.conda/envs/clamp-analyses/bin/python -m joblib.externals.loky.backend.popen_loky_posix --process-name LokyProcess-592 --pipe 97
3423971       37:06 37.7  0.1 /home/marc/Documents/pivlab/clamp-analyses/.conda/envs/clamp-analyses/bin/python -m joblib.externals.loky.backend.popen_loky_posix --process-name LokyProcess-593 --pipe 98
3423972       37:06 34.7  0.1 /home/marc/Documents/pivlab/clamp-analyses/.conda/envs/clamp-analyses/bin/python -m joblib.externals.loky.backend.popen_loky_posix --process-name LokyProcess-594 --pipe 99
3423973       37:06 33.6  0.1 /home/marc/Documents/pivlab/clamp-analyses/.conda/envs/clamp-analyses/bin/python -m joblib.externals.loky.backend.popen_loky_posix --process-name LokyProcess-595 --pipe 100
3423974       37:06 30.7  0.1 /home/marc/Documents/pivlab/clamp-analyses/.conda/envs/clamp-analyses/bin/python -m joblib.externals.loky.backend.popen_loky_posix --process-name LokyProcess-596 --pipe 101
3423975       37:06 33.8  0.1 /home/marc/Documents/pivlab/clamp-analyses/.conda/envs/clamp-analyses/bin/python -m joblib.externals.loky.backend.popen_loky_posix --process-name LokyProcess-597 --pipe 102
3423976       37:06 35.2  0.1 /home/marc/Documents/pivlab/clamp-analyses/.conda/envs/clamp-analyses/bin/python -m joblib.externals.loky.backend.popen_loky_posix --process-name LokyProcess-598 --pipe 103
3423977       37:06 30.3  0.1 /home/marc/Documents/pivlab/clamp-analyses/.conda/envs/clamp-analyses/bin/python -m joblib.externals.loky.backend.popen_loky_posix --process-name LokyProcess-599 --pipe 103
3423978       37:06 30.9  0.1 /home/marc/Documents/pivlab/clamp-analyses/.conda/envs/clamp-analyses/bin/python -m joblib.externals.loky.backend.popen_loky_posix --process-name LokyProcess-600 --pipe 104
3423979       37:06 32.3  0.1 /home/marc/Documents/pivlab/clamp-analyses/.conda/envs/clamp-analyses/bin/python -m joblib.externals.loky.backend.popen_loky_posix --process-name LokyProcess-601 --pipe 105
3423980       37:06 31.3  0.1 /home/marc/Documents/pivlab/clamp-analyses/.conda/envs/clamp-analyses/bin/python -m joblib.externals.loky.backend.popen_loky_posix --process-name LokyProcess-602 --pipe 106
3423981       37:06 31.4  0.1 /home/marc/Documents/pivlab/clamp-analyses/.conda/envs/clamp-analyses/bin/python -m joblib.externals.loky.backend.popen_loky_posix --process-name LokyProcess-603 --pipe 107
3423982       37:06 33.4  0.1 /home/marc/Documents/pivlab/clamp-analyses/.conda/envs/clamp-analyses/bin/python -m joblib.externals.loky.backend.popen_loky_posix --process-name LokyProcess-604 --pipe 108
3423983       37:06 32.2  0.1 /home/marc/Documents/pivlab/clamp-analyses/.conda/envs/clamp-analyses/bin/python -m joblib.externals.loky.backend.popen_loky_posix --process-name LokyProcess-605 --pipe 109
3423984       37:06 35.2  0.1 /home/marc/Documents/pivlab/clamp-analyses/.conda/envs/clamp-analyses/bin/python -m joblib.externals.loky.backend.popen_loky_posix --process-name LokyProcess-606 --pipe 110
3423985       37:06 33.7  0.1 /home/marc/Documents/pivlab/clamp-analyses/.conda/envs/clamp-analyses/bin/python -m joblib.externals.loky.backend.popen_loky_posix --process-name LokyProcess-607 --pipe 111
3423986       37:06 32.4  0.1 /home/marc/Documents/pivlab/clamp-analyses/.conda/envs/clamp-analyses/bin/python -m joblib.externals.loky.backend.popen_loky_posix --process-name LokyProcess-608 --pipe 112
3423987       37:06 30.5  0.1 /home/marc/Documents/pivlab/clamp-analyses/.conda/envs/clamp-analyses/bin/python -m joblib.externals.loky.backend.popen_loky_posix --process-name LokyProcess-609 --pipe 113
3423988       37:06 31.9  0.1 /home/marc/Documents/pivlab/clamp-analyses/.conda/envs/clamp-analyses/bin/python -m joblib.externals.loky.backend.popen_loky_posix --process-name LokyProcess-610 --pipe 114
3423989       37:06 29.8  0.1 /home/marc/Documents/pivlab/clamp-analyses/.conda/envs/clamp-analyses/bin/python -m joblib.externals.loky.backend.popen_loky_posix --process-name LokyProcess-611 --pipe 115
3423990       37:06 30.7  0.1 /home/marc/Documents/pivlab/clamp-analyses/.conda/envs/clamp-analyses/bin/python -m joblib.externals.loky.backend.popen_loky_posix --process-name LokyProcess-612 --pipe 116
3423991       37:06 32.2  0.1 /home/marc/Documents/pivlab/clamp-analyses/.conda/envs/clamp-analyses/bin/python -m joblib.externals.loky.backend.popen_loky_posix --process-name LokyProcess-613 --pipe 117
3423992       37:06 34.0  0.1 /home/marc/Documents/pivlab/clamp-analyses/.conda/envs/clamp-analyses/bin/python -m joblib.externals.loky.backend.popen_loky_posix --process-name LokyProcess-614 --pipe 118
3423993       37:06 31.2  0.1 /home/marc/Documents/pivlab/clamp-analyses/.conda/envs/clamp-analyses/bin/python -m joblib.externals.loky.backend.popen_loky_posix --process-name LokyProcess-615 --pipe 119
3423994       37:06 31.6  0.1 /home/marc/Documents/pivlab/clamp-analyses/.conda/envs/clamp-analyses/bin/python -m joblib.externals.loky.backend.popen_loky_posix --process-name LokyProcess-616 --pipe 120
3423995       37:06 32.1  0.1 /home/marc/Documents/pivlab/clamp-analyses/.conda/envs/clamp-analyses/bin/python -m joblib.externals.loky.backend.popen_loky_posix --process-name LokyProcess-617 --pipe 121
3423996       37:06 32.5  0.1 /home/marc/Documents/pivlab/clamp-analyses/.conda/envs/clamp-analyses/bin/python -m joblib.externals.loky.backend.popen_loky_posix --process-name LokyProcess-618 --pipe 122
3423997       37:06 33.8  0.1 /home/marc/Documents/pivlab/clamp-analyses/.conda/envs/clamp-analyses/bin/python -m joblib.externals.loky.backend.popen_loky_posix --process-name LokyProcess-619 --pipe 123
3423998       37:06 32.2  0.1 /home/marc/Documents/pivlab/clamp-analyses/.conda/envs/clamp-analyses/bin/python -m joblib.externals.loky.backend.popen_loky_posix --process-name LokyProcess-620 --pipe 124
3423999       37:06 30.7  0.1 /home/marc/Documents/pivlab/clamp-analyses/.conda/envs/clamp-analyses/bin/python -m joblib.externals.loky.backend.popen_loky_posix --process-name LokyProcess-621 --pipe 125
3424000       37:06 30.4  0.1 /home/marc/Documents/pivlab/clamp-analyses/.conda/envs/clamp-analyses/bin/python -m joblib.externals.loky.backend.popen_loky_posix --process-name LokyProcess-622 --pipe 126
3424001       37:06 35.4  0.1 /home/marc/Documents/pivlab/clamp-analyses/.conda/envs/clamp-analyses/bin/python -m joblib.externals.loky.backend.popen_loky_posix --process-name LokyProcess-623 --pipe 127
3424002       37:06 29.4  0.1 /home/marc/Documents/pivlab/clamp-analyses/.conda/envs/clamp-analyses/bin/python -m joblib.externals.loky.backend.popen_loky_posix --process-name LokyProcess-624 --pipe 128
log_markers:
===== START nbs/03_model_biology/01_gtex/03_rf_true_labels/00_LV_importance_true_labels.ipynb Wed Jun 24 14:50:43 MDT 2026 =====
output_counts:
1
output/03_model_biology/01_gtex/03_rf_true_labels/01_LV_importance_true_labels_biology/phenomexcan_simplified_phenotypes_info.tsv.gz

===== STATUS Wed Jun 24 23:52:10 MDT 2026 =====
runner_pid=3366595
runner=RUNNING
processes:
3366595    09:01:26  0.0  0.0 bash logs/run_03_rf_true_labels_bg.sh
3366601    09:01:26  0.0  0.0 python3.11 /home/marc/Documents/pivlab/clamp-analyses/.conda/envs/clamp-analyses/bin/jupyter-nbconvert --to notebook --execute --inplace --ExecutePreprocessor.timeout=-1 nbs/03_model_biology/01_gtex/03_rf_true_labels/00_LV_importance_true_labels.ipynb
3366604    09:01:25 56.3  1.1 /home/marc/Documents/pivlab/clamp-analyses/.conda/envs/clamp-analyses/bin/python -m ipykernel_launcher -f /tmp/tmp5q69_ol4.json --HistoryManager.hist_file=:memory:
3431549       06:43 54.4  0.1 /home/marc/Documents/pivlab/clamp-analyses/.conda/envs/clamp-analyses/bin/python -m joblib.externals.loky.backend.popen_loky_posix --process-name LokyProcess-625 --pipe 81
3431550       06:43 51.3  0.1 /home/marc/Documents/pivlab/clamp-analyses/.conda/envs/clamp-analyses/bin/python -m joblib.externals.loky.backend.popen_loky_posix --process-name LokyProcess-626 --pipe 82
3431551       06:43 48.8  0.1 /home/marc/Documents/pivlab/clamp-analyses/.conda/envs/clamp-analyses/bin/python -m joblib.externals.loky.backend.popen_loky_posix --process-name LokyProcess-627 --pipe 83
3431552       06:43 34.6  0.1 /home/marc/Documents/pivlab/clamp-analyses/.conda/envs/clamp-analyses/bin/python -m joblib.externals.loky.backend.popen_loky_posix --process-name LokyProcess-628 --pipe 84
3431553       06:43 34.8  0.1 /home/marc/Documents/pivlab/clamp-analyses/.conda/envs/clamp-analyses/bin/python -m joblib.externals.loky.backend.popen_loky_posix --process-name LokyProcess-629 --pipe 85
3431554       06:43 47.3  0.1 /home/marc/Documents/pivlab/clamp-analyses/.conda/envs/clamp-analyses/bin/python -m joblib.externals.loky.backend.popen_loky_posix --process-name LokyProcess-630 --pipe 86
3431555       06:43 33.0  0.1 /home/marc/Documents/pivlab/clamp-analyses/.conda/envs/clamp-analyses/bin/python -m joblib.externals.loky.backend.popen_loky_posix --process-name LokyProcess-631 --pipe 87
3431556       06:43 49.1  0.1 /home/marc/Documents/pivlab/clamp-analyses/.conda/envs/clamp-analyses/bin/python -m joblib.externals.loky.backend.popen_loky_posix --process-name LokyProcess-632 --pipe 89
3431557       06:43 40.0  0.1 /home/marc/Documents/pivlab/clamp-analyses/.conda/envs/clamp-analyses/bin/python -m joblib.externals.loky.backend.popen_loky_posix --process-name LokyProcess-633 --pipe 90
3431558       06:43 40.0  0.1 /home/marc/Documents/pivlab/clamp-analyses/.conda/envs/clamp-analyses/bin/python -m joblib.externals.loky.backend.popen_loky_posix --process-name LokyProcess-634 --pipe 91
3431559       06:43 38.5  0.1 /home/marc/Documents/pivlab/clamp-analyses/.conda/envs/clamp-analyses/bin/python -m joblib.externals.loky.backend.popen_loky_posix --process-name LokyProcess-635 --pipe 92
3431560       06:43 33.7  0.1 /home/marc/Documents/pivlab/clamp-analyses/.conda/envs/clamp-analyses/bin/python -m joblib.externals.loky.backend.popen_loky_posix --process-name LokyProcess-636 --pipe 93
3431561       06:43 34.7  0.1 /home/marc/Documents/pivlab/clamp-analyses/.conda/envs/clamp-analyses/bin/python -m joblib.externals.loky.backend.popen_loky_posix --process-name LokyProcess-637 --pipe 94
3431562       06:43 46.5  0.1 /home/marc/Documents/pivlab/clamp-analyses/.conda/envs/clamp-analyses/bin/python -m joblib.externals.loky.backend.popen_loky_posix --process-name LokyProcess-638 --pipe 95
3431563       06:43 30.8  0.1 /home/marc/Documents/pivlab/clamp-analyses/.conda/envs/clamp-analyses/bin/python -m joblib.externals.loky.backend.popen_loky_posix --process-name LokyProcess-639 --pipe 96
3431564       06:43 58.5  0.1 /home/marc/Documents/pivlab/clamp-analyses/.conda/envs/clamp-analyses/bin/python -m joblib.externals.loky.backend.popen_loky_posix --process-name LokyProcess-640 --pipe 97
3431565       06:43 31.9  0.1 /home/marc/Documents/pivlab/clamp-analyses/.conda/envs/clamp-analyses/bin/python -m joblib.externals.loky.backend.popen_loky_posix --process-name LokyProcess-641 --pipe 98
3431566       06:43 38.4  0.1 /home/marc/Documents/pivlab/clamp-analyses/.conda/envs/clamp-analyses/bin/python -m joblib.externals.loky.backend.popen_loky_posix --process-name LokyProcess-642 --pipe 99
3431567       06:43 40.4  0.1 /home/marc/Documents/pivlab/clamp-analyses/.conda/envs/clamp-analyses/bin/python -m joblib.externals.loky.backend.popen_loky_posix --process-name LokyProcess-643 --pipe 100
3431568       06:43 37.9  0.1 /home/marc/Documents/pivlab/clamp-analyses/.conda/envs/clamp-analyses/bin/python -m joblib.externals.loky.backend.popen_loky_posix --process-name LokyProcess-644 --pipe 101
3431569       06:43 35.2  0.1 /home/marc/Documents/pivlab/clamp-analyses/.conda/envs/clamp-analyses/bin/python -m joblib.externals.loky.backend.popen_loky_posix --process-name LokyProcess-645 --pipe 101
3431570       06:43 35.9  0.1 /home/marc/Documents/pivlab/clamp-analyses/.conda/envs/clamp-analyses/bin/python -m joblib.externals.loky.backend.popen_loky_posix --process-name LokyProcess-646 --pipe 102
3431571       06:43 34.0  0.1 /home/marc/Documents/pivlab/clamp-analyses/.conda/envs/clamp-analyses/bin/python -m joblib.externals.loky.backend.popen_loky_posix --process-name LokyProcess-647 --pipe 103
3431572       06:43 56.7  0.1 /home/marc/Documents/pivlab/clamp-analyses/.conda/envs/clamp-analyses/bin/python -m joblib.externals.loky.backend.popen_loky_posix --process-name LokyProcess-648 --pipe 104
3431573       06:43 27.2  0.1 /home/marc/Documents/pivlab/clamp-analyses/.conda/envs/clamp-analyses/bin/python -m joblib.externals.loky.backend.popen_loky_posix --process-name LokyProcess-649 --pipe 105
3431574       06:43 37.6  0.1 /home/marc/Documents/pivlab/clamp-analyses/.conda/envs/clamp-analyses/bin/python -m joblib.externals.loky.backend.popen_loky_posix --process-name LokyProcess-650 --pipe 106
3431575       06:43 45.0  0.1 /home/marc/Documents/pivlab/clamp-analyses/.conda/envs/clamp-analyses/bin/python -m joblib.externals.loky.backend.popen_loky_posix --process-name LokyProcess-651 --pipe 107
3431576       06:43 48.0  0.1 /home/marc/Documents/pivlab/clamp-analyses/.conda/envs/clamp-analyses/bin/python -m joblib.externals.loky.backend.popen_loky_posix --process-name LokyProcess-652 --pipe 108
3431577       06:43 42.9  0.1 /home/marc/Documents/pivlab/clamp-analyses/.conda/envs/clamp-analyses/bin/python -m joblib.externals.loky.backend.popen_loky_posix --process-name LokyProcess-653 --pipe 109
3431578       06:43 30.7  0.1 /home/marc/Documents/pivlab/clamp-analyses/.conda/envs/clamp-analyses/bin/python -m joblib.externals.loky.backend.popen_loky_posix --process-name LokyProcess-654 --pipe 110
3431579       06:43 35.2  0.1 /home/marc/Documents/pivlab/clamp-analyses/.conda/envs/clamp-analyses/bin/python -m joblib.externals.loky.backend.popen_loky_posix --process-name LokyProcess-655 --pipe 111
3431580       06:43 32.9  0.1 /home/marc/Documents/pivlab/clamp-analyses/.conda/envs/clamp-analyses/bin/python -m joblib.externals.loky.backend.popen_loky_posix --process-name LokyProcess-656 --pipe 112
3431581       06:43 32.9  0.1 /home/marc/Documents/pivlab/clamp-analyses/.conda/envs/clamp-analyses/bin/python -m joblib.externals.loky.backend.popen_loky_posix --process-name LokyProcess-657 --pipe 113
3431582       06:43 29.1  0.1 /home/marc/Documents/pivlab/clamp-analyses/.conda/envs/clamp-analyses/bin/python -m joblib.externals.loky.backend.popen_loky_posix --process-name LokyProcess-658 --pipe 114
3431583       06:43 42.6  0.1 /home/marc/Documents/pivlab/clamp-analyses/.conda/envs/clamp-analyses/bin/python -m joblib.externals.loky.backend.popen_loky_posix --process-name LokyProcess-659 --pipe 115
3431584       06:43 39.2  0.1 /home/marc/Documents/pivlab/clamp-analyses/.conda/envs/clamp-analyses/bin/python -m joblib.externals.loky.backend.popen_loky_posix --process-name LokyProcess-660 --pipe 116
3431585       06:43 45.1  0.1 /home/marc/Documents/pivlab/clamp-analyses/.conda/envs/clamp-analyses/bin/python -m joblib.externals.loky.backend.popen_loky_posix --process-name LokyProcess-661 --pipe 117
3431586       06:43 41.8  0.1 /home/marc/Documents/pivlab/clamp-analyses/.conda/envs/clamp-analyses/bin/python -m joblib.externals.loky.backend.popen_loky_posix --process-name LokyProcess-662 --pipe 118
3431587       06:43 40.1  0.1 /home/marc/Documents/pivlab/clamp-analyses/.conda/envs/clamp-analyses/bin/python -m joblib.externals.loky.backend.popen_loky_posix --process-name LokyProcess-663 --pipe 119
3431588       06:43 39.9  0.1 /home/marc/Documents/pivlab/clamp-analyses/.conda/envs/clamp-analyses/bin/python -m joblib.externals.loky.backend.popen_loky_posix --process-name LokyProcess-664 --pipe 120
3431589       06:43 52.6  0.1 /home/marc/Documents/pivlab/clamp-analyses/.conda/envs/clamp-analyses/bin/python -m joblib.externals.loky.backend.popen_loky_posix --process-name LokyProcess-665 --pipe 121
3431590       06:43 27.8  0.1 /home/marc/Documents/pivlab/clamp-analyses/.conda/envs/clamp-analyses/bin/python -m joblib.externals.loky.backend.popen_loky_posix --process-name LokyProcess-666 --pipe 122
3431591       06:43 27.1  0.1 /home/marc/Documents/pivlab/clamp-analyses/.conda/envs/clamp-analyses/bin/python -m joblib.externals.loky.backend.popen_loky_posix --process-name LokyProcess-667 --pipe 123
3431592       06:43 35.2  0.1 /home/marc/Documents/pivlab/clamp-analyses/.conda/envs/clamp-analyses/bin/python -m joblib.externals.loky.backend.popen_loky_posix --process-name LokyProcess-668 --pipe 124
3431593       06:43 36.3  0.1 /home/marc/Documents/pivlab/clamp-analyses/.conda/envs/clamp-analyses/bin/python -m joblib.externals.loky.backend.popen_loky_posix --process-name LokyProcess-669 --pipe 125
3431594       06:43 59.6  0.1 /home/marc/Documents/pivlab/clamp-analyses/.conda/envs/clamp-analyses/bin/python -m joblib.externals.loky.backend.popen_loky_posix --process-name LokyProcess-670 --pipe 126
3431595       06:43 38.0  0.1 /home/marc/Documents/pivlab/clamp-analyses/.conda/envs/clamp-analyses/bin/python -m joblib.externals.loky.backend.popen_loky_posix --process-name LokyProcess-671 --pipe 127
3431596       06:43 57.4  0.1 /home/marc/Documents/pivlab/clamp-analyses/.conda/envs/clamp-analyses/bin/python -m joblib.externals.loky.backend.popen_loky_posix --process-name LokyProcess-672 --pipe 128
log_markers:
===== START nbs/03_model_biology/01_gtex/03_rf_true_labels/00_LV_importance_true_labels.ipynb Wed Jun 24 14:50:43 MDT 2026 =====
output_counts:
1
output/03_model_biology/01_gtex/03_rf_true_labels/01_LV_importance_true_labels_biology/phenomexcan_simplified_phenotypes_info.tsv.gz

===== STATUS Thu Jun 25 00:22:10 MDT 2026 =====
runner_pid=3366595
runner=RUNNING
processes:
3366595    09:31:26  0.0  0.0 bash logs/run_03_rf_true_labels_bg.sh
3366601    09:31:26  0.0  0.0 python3.11 /home/marc/Documents/pivlab/clamp-analyses/.conda/envs/clamp-analyses/bin/jupyter-nbconvert --to notebook --execute --inplace --ExecutePreprocessor.timeout=-1 nbs/03_model_biology/01_gtex/03_rf_true_labels/00_LV_importance_true_labels.ipynb
3366604    09:31:25 55.6  1.1 /home/marc/Documents/pivlab/clamp-analyses/.conda/envs/clamp-analyses/bin/python -m ipykernel_launcher -f /tmp/tmp5q69_ol4.json --HistoryManager.hist_file=:memory:
3431549       36:43 34.5  0.1 /home/marc/Documents/pivlab/clamp-analyses/.conda/envs/clamp-analyses/bin/python -m joblib.externals.loky.backend.popen_loky_posix --process-name LokyProcess-625 --pipe 81
3431550       36:43 40.2  0.1 /home/marc/Documents/pivlab/clamp-analyses/.conda/envs/clamp-analyses/bin/python -m joblib.externals.loky.backend.popen_loky_posix --process-name LokyProcess-626 --pipe 82
3431551       36:43 37.0  0.1 /home/marc/Documents/pivlab/clamp-analyses/.conda/envs/clamp-analyses/bin/python -m joblib.externals.loky.backend.popen_loky_posix --process-name LokyProcess-627 --pipe 83
3431552       36:43 35.5  0.1 /home/marc/Documents/pivlab/clamp-analyses/.conda/envs/clamp-analyses/bin/python -m joblib.externals.loky.backend.popen_loky_posix --process-name LokyProcess-628 --pipe 84
3431553       36:43 31.9  0.1 /home/marc/Documents/pivlab/clamp-analyses/.conda/envs/clamp-analyses/bin/python -m joblib.externals.loky.backend.popen_loky_posix --process-name LokyProcess-629 --pipe 85
3431554       36:43 31.9  0.1 /home/marc/Documents/pivlab/clamp-analyses/.conda/envs/clamp-analyses/bin/python -m joblib.externals.loky.backend.popen_loky_posix --process-name LokyProcess-630 --pipe 86
3431555       36:43 32.5  0.1 /home/marc/Documents/pivlab/clamp-analyses/.conda/envs/clamp-analyses/bin/python -m joblib.externals.loky.backend.popen_loky_posix --process-name LokyProcess-631 --pipe 87
3431556       36:43 39.2  0.1 /home/marc/Documents/pivlab/clamp-analyses/.conda/envs/clamp-analyses/bin/python -m joblib.externals.loky.backend.popen_loky_posix --process-name LokyProcess-632 --pipe 89
3431557       36:43 33.3  0.1 /home/marc/Documents/pivlab/clamp-analyses/.conda/envs/clamp-analyses/bin/python -m joblib.externals.loky.backend.popen_loky_posix --process-name LokyProcess-633 --pipe 90
3431558       36:43 36.0  0.1 /home/marc/Documents/pivlab/clamp-analyses/.conda/envs/clamp-analyses/bin/python -m joblib.externals.loky.backend.popen_loky_posix --process-name LokyProcess-634 --pipe 91
3431559       36:43 35.3  0.1 /home/marc/Documents/pivlab/clamp-analyses/.conda/envs/clamp-analyses/bin/python -m joblib.externals.loky.backend.popen_loky_posix --process-name LokyProcess-635 --pipe 92
3431560       36:43 34.9  0.1 /home/marc/Documents/pivlab/clamp-analyses/.conda/envs/clamp-analyses/bin/python -m joblib.externals.loky.backend.popen_loky_posix --process-name LokyProcess-636 --pipe 93
3431561       36:43 40.2  0.1 /home/marc/Documents/pivlab/clamp-analyses/.conda/envs/clamp-analyses/bin/python -m joblib.externals.loky.backend.popen_loky_posix --process-name LokyProcess-637 --pipe 94
3431562       36:43 36.3  0.1 /home/marc/Documents/pivlab/clamp-analyses/.conda/envs/clamp-analyses/bin/python -m joblib.externals.loky.backend.popen_loky_posix --process-name LokyProcess-638 --pipe 95
3431563       36:43 33.9  0.1 /home/marc/Documents/pivlab/clamp-analyses/.conda/envs/clamp-analyses/bin/python -m joblib.externals.loky.backend.popen_loky_posix --process-name LokyProcess-639 --pipe 96
3431564       36:43 40.5  0.1 /home/marc/Documents/pivlab/clamp-analyses/.conda/envs/clamp-analyses/bin/python -m joblib.externals.loky.backend.popen_loky_posix --process-name LokyProcess-640 --pipe 97
3431565       36:43 35.3  0.1 /home/marc/Documents/pivlab/clamp-analyses/.conda/envs/clamp-analyses/bin/python -m joblib.externals.loky.backend.popen_loky_posix --process-name LokyProcess-641 --pipe 98
3431566       36:43 33.2  0.1 /home/marc/Documents/pivlab/clamp-analyses/.conda/envs/clamp-analyses/bin/python -m joblib.externals.loky.backend.popen_loky_posix --process-name LokyProcess-642 --pipe 99
3431567       36:43 47.1  0.1 /home/marc/Documents/pivlab/clamp-analyses/.conda/envs/clamp-analyses/bin/python -m joblib.externals.loky.backend.popen_loky_posix --process-name LokyProcess-643 --pipe 100
3431568       36:43 36.6  0.1 /home/marc/Documents/pivlab/clamp-analyses/.conda/envs/clamp-analyses/bin/python -m joblib.externals.loky.backend.popen_loky_posix --process-name LokyProcess-644 --pipe 101
3431569       36:43 33.6  0.1 /home/marc/Documents/pivlab/clamp-analyses/.conda/envs/clamp-analyses/bin/python -m joblib.externals.loky.backend.popen_loky_posix --process-name LokyProcess-645 --pipe 101
3431570       36:43 34.4  0.1 /home/marc/Documents/pivlab/clamp-analyses/.conda/envs/clamp-analyses/bin/python -m joblib.externals.loky.backend.popen_loky_posix --process-name LokyProcess-646 --pipe 102
3431571       36:43 35.8  0.1 /home/marc/Documents/pivlab/clamp-analyses/.conda/envs/clamp-analyses/bin/python -m joblib.externals.loky.backend.popen_loky_posix --process-name LokyProcess-647 --pipe 103
3431572       36:43 37.3  0.1 /home/marc/Documents/pivlab/clamp-analyses/.conda/envs/clamp-analyses/bin/python -m joblib.externals.loky.backend.popen_loky_posix --process-name LokyProcess-648 --pipe 104
3431573       36:43 34.6  0.1 /home/marc/Documents/pivlab/clamp-analyses/.conda/envs/clamp-analyses/bin/python -m joblib.externals.loky.backend.popen_loky_posix --process-name LokyProcess-649 --pipe 105
3431574       36:43 32.9  0.1 /home/marc/Documents/pivlab/clamp-analyses/.conda/envs/clamp-analyses/bin/python -m joblib.externals.loky.backend.popen_loky_posix --process-name LokyProcess-650 --pipe 106
3431575       36:43 38.0  0.1 /home/marc/Documents/pivlab/clamp-analyses/.conda/envs/clamp-analyses/bin/python -m joblib.externals.loky.backend.popen_loky_posix --process-name LokyProcess-651 --pipe 107
3431576       36:43 35.4  0.1 /home/marc/Documents/pivlab/clamp-analyses/.conda/envs/clamp-analyses/bin/python -m joblib.externals.loky.backend.popen_loky_posix --process-name LokyProcess-652 --pipe 108
3431577       36:43 36.3  0.1 /home/marc/Documents/pivlab/clamp-analyses/.conda/envs/clamp-analyses/bin/python -m joblib.externals.loky.backend.popen_loky_posix --process-name LokyProcess-653 --pipe 109
3431578       36:43 36.5  0.1 /home/marc/Documents/pivlab/clamp-analyses/.conda/envs/clamp-analyses/bin/python -m joblib.externals.loky.backend.popen_loky_posix --process-name LokyProcess-654 --pipe 110
3431579       36:43 31.3  0.1 /home/marc/Documents/pivlab/clamp-analyses/.conda/envs/clamp-analyses/bin/python -m joblib.externals.loky.backend.popen_loky_posix --process-name LokyProcess-655 --pipe 111
3431580       36:43 30.7  0.1 /home/marc/Documents/pivlab/clamp-analyses/.conda/envs/clamp-analyses/bin/python -m joblib.externals.loky.backend.popen_loky_posix --process-name LokyProcess-656 --pipe 112
3431581       36:43 38.8  0.1 /home/marc/Documents/pivlab/clamp-analyses/.conda/envs/clamp-analyses/bin/python -m joblib.externals.loky.backend.popen_loky_posix --process-name LokyProcess-657 --pipe 113
3431582       36:43 33.2  0.1 /home/marc/Documents/pivlab/clamp-analyses/.conda/envs/clamp-analyses/bin/python -m joblib.externals.loky.backend.popen_loky_posix --process-name LokyProcess-658 --pipe 114
3431583       36:43 37.3  0.1 /home/marc/Documents/pivlab/clamp-analyses/.conda/envs/clamp-analyses/bin/python -m joblib.externals.loky.backend.popen_loky_posix --process-name LokyProcess-659 --pipe 115
3431584       36:43 35.3  0.1 /home/marc/Documents/pivlab/clamp-analyses/.conda/envs/clamp-analyses/bin/python -m joblib.externals.loky.backend.popen_loky_posix --process-name LokyProcess-660 --pipe 116
3431585       36:43 34.4  0.1 /home/marc/Documents/pivlab/clamp-analyses/.conda/envs/clamp-analyses/bin/python -m joblib.externals.loky.backend.popen_loky_posix --process-name LokyProcess-661 --pipe 117
3431586       36:43 37.2  0.1 /home/marc/Documents/pivlab/clamp-analyses/.conda/envs/clamp-analyses/bin/python -m joblib.externals.loky.backend.popen_loky_posix --process-name LokyProcess-662 --pipe 118
3431587       36:43 36.5  0.1 /home/marc/Documents/pivlab/clamp-analyses/.conda/envs/clamp-analyses/bin/python -m joblib.externals.loky.backend.popen_loky_posix --process-name LokyProcess-663 --pipe 119
3431588       36:43 34.8  0.1 /home/marc/Documents/pivlab/clamp-analyses/.conda/envs/clamp-analyses/bin/python -m joblib.externals.loky.backend.popen_loky_posix --process-name LokyProcess-664 --pipe 120
3431589       36:43 36.8  0.1 /home/marc/Documents/pivlab/clamp-analyses/.conda/envs/clamp-analyses/bin/python -m joblib.externals.loky.backend.popen_loky_posix --process-name LokyProcess-665 --pipe 121
3431590       36:43 31.2  0.1 /home/marc/Documents/pivlab/clamp-analyses/.conda/envs/clamp-analyses/bin/python -m joblib.externals.loky.backend.popen_loky_posix --process-name LokyProcess-666 --pipe 122
3431591       36:43 33.0  0.1 /home/marc/Documents/pivlab/clamp-analyses/.conda/envs/clamp-analyses/bin/python -m joblib.externals.loky.backend.popen_loky_posix --process-name LokyProcess-667 --pipe 123
3431592       36:43 35.3  0.1 /home/marc/Documents/pivlab/clamp-analyses/.conda/envs/clamp-analyses/bin/python -m joblib.externals.loky.backend.popen_loky_posix --process-name LokyProcess-668 --pipe 124
3431593       36:43 41.0  0.1 /home/marc/Documents/pivlab/clamp-analyses/.conda/envs/clamp-analyses/bin/python -m joblib.externals.loky.backend.popen_loky_posix --process-name LokyProcess-669 --pipe 125
3431594       36:43 41.0  0.1 /home/marc/Documents/pivlab/clamp-analyses/.conda/envs/clamp-analyses/bin/python -m joblib.externals.loky.backend.popen_loky_posix --process-name LokyProcess-670 --pipe 126
3431595       36:43 40.0  0.1 /home/marc/Documents/pivlab/clamp-analyses/.conda/envs/clamp-analyses/bin/python -m joblib.externals.loky.backend.popen_loky_posix --process-name LokyProcess-671 --pipe 127
3431596       36:43 45.7  0.1 /home/marc/Documents/pivlab/clamp-analyses/.conda/envs/clamp-analyses/bin/python -m joblib.externals.loky.backend.popen_loky_posix --process-name LokyProcess-672 --pipe 128
log_markers:
===== START nbs/03_model_biology/01_gtex/03_rf_true_labels/00_LV_importance_true_labels.ipynb Wed Jun 24 14:50:43 MDT 2026 =====
output_counts:
1
output/03_model_biology/01_gtex/03_rf_true_labels/01_LV_importance_true_labels_biology/phenomexcan_simplified_phenotypes_info.tsv.gz

===== STATUS Thu Jun 25 00:52:10 MDT 2026 =====
runner_pid=3366595
runner=RUNNING
processes:
3366595    10:01:27  0.0  0.0 bash logs/run_03_rf_true_labels_bg.sh
3366601    10:01:27  0.0  0.0 python3.11 /home/marc/Documents/pivlab/clamp-analyses/.conda/envs/clamp-analyses/bin/jupyter-nbconvert --to notebook --execute --inplace --ExecutePreprocessor.timeout=-1 nbs/03_model_biology/01_gtex/03_rf_true_labels/00_LV_importance_true_labels.ipynb
3366604    10:01:25 54.8  1.2 /home/marc/Documents/pivlab/clamp-analyses/.conda/envs/clamp-analyses/bin/python -m ipykernel_launcher -f /tmp/tmp5q69_ol4.json --HistoryManager.hist_file=:memory:
3437735       15:34 55.9  0.1 /home/marc/Documents/pivlab/clamp-analyses/.conda/envs/clamp-analyses/bin/python -m joblib.externals.loky.backend.popen_loky_posix --process-name LokyProcess-673 --pipe 81
3437736       15:34 43.4  0.1 /home/marc/Documents/pivlab/clamp-analyses/.conda/envs/clamp-analyses/bin/python -m joblib.externals.loky.backend.popen_loky_posix --process-name LokyProcess-674 --pipe 82
3437737       15:34 56.3  0.1 /home/marc/Documents/pivlab/clamp-analyses/.conda/envs/clamp-analyses/bin/python -m joblib.externals.loky.backend.popen_loky_posix --process-name LokyProcess-675 --pipe 83
3437738       15:34 46.9  0.1 /home/marc/Documents/pivlab/clamp-analyses/.conda/envs/clamp-analyses/bin/python -m joblib.externals.loky.backend.popen_loky_posix --process-name LokyProcess-676 --pipe 84
3437739       15:34 61.3  0.1 /home/marc/Documents/pivlab/clamp-analyses/.conda/envs/clamp-analyses/bin/python -m joblib.externals.loky.backend.popen_loky_posix --process-name LokyProcess-677 --pipe 85
3437740       15:34 44.0  0.1 /home/marc/Documents/pivlab/clamp-analyses/.conda/envs/clamp-analyses/bin/python -m joblib.externals.loky.backend.popen_loky_posix --process-name LokyProcess-678 --pipe 86
3437741       15:34 39.0  0.1 /home/marc/Documents/pivlab/clamp-analyses/.conda/envs/clamp-analyses/bin/python -m joblib.externals.loky.backend.popen_loky_posix --process-name LokyProcess-679 --pipe 87
3437742       15:34 46.0  0.1 /home/marc/Documents/pivlab/clamp-analyses/.conda/envs/clamp-analyses/bin/python -m joblib.externals.loky.backend.popen_loky_posix --process-name LokyProcess-680 --pipe 89
3437743       15:34 38.7  0.1 /home/marc/Documents/pivlab/clamp-analyses/.conda/envs/clamp-analyses/bin/python -m joblib.externals.loky.backend.popen_loky_posix --process-name LokyProcess-681 --pipe 90
3437744       15:34 49.9  0.1 /home/marc/Documents/pivlab/clamp-analyses/.conda/envs/clamp-analyses/bin/python -m joblib.externals.loky.backend.popen_loky_posix --process-name LokyProcess-682 --pipe 91
3437745       15:34 49.2  0.1 /home/marc/Documents/pivlab/clamp-analyses/.conda/envs/clamp-analyses/bin/python -m joblib.externals.loky.backend.popen_loky_posix --process-name LokyProcess-683 --pipe 92
3437746       15:34 53.0  0.1 /home/marc/Documents/pivlab/clamp-analyses/.conda/envs/clamp-analyses/bin/python -m joblib.externals.loky.backend.popen_loky_posix --process-name LokyProcess-684 --pipe 93
3437747       15:34 43.7  0.1 /home/marc/Documents/pivlab/clamp-analyses/.conda/envs/clamp-analyses/bin/python -m joblib.externals.loky.backend.popen_loky_posix --process-name LokyProcess-685 --pipe 94
3437748       15:34 48.3  0.1 /home/marc/Documents/pivlab/clamp-analyses/.conda/envs/clamp-analyses/bin/python -m joblib.externals.loky.backend.popen_loky_posix --process-name LokyProcess-686 --pipe 95
3437749       15:34 50.6  0.1 /home/marc/Documents/pivlab/clamp-analyses/.conda/envs/clamp-analyses/bin/python -m joblib.externals.loky.backend.popen_loky_posix --process-name LokyProcess-687 --pipe 96
3437750       15:34 47.7  0.1 /home/marc/Documents/pivlab/clamp-analyses/.conda/envs/clamp-analyses/bin/python -m joblib.externals.loky.backend.popen_loky_posix --process-name LokyProcess-688 --pipe 97
3437751       15:34 43.1  0.1 /home/marc/Documents/pivlab/clamp-analyses/.conda/envs/clamp-analyses/bin/python -m joblib.externals.loky.backend.popen_loky_posix --process-name LokyProcess-689 --pipe 98
3437752       15:34 44.3  0.1 /home/marc/Documents/pivlab/clamp-analyses/.conda/envs/clamp-analyses/bin/python -m joblib.externals.loky.backend.popen_loky_posix --process-name LokyProcess-690 --pipe 99
3437753       15:34 51.9  0.1 /home/marc/Documents/pivlab/clamp-analyses/.conda/envs/clamp-analyses/bin/python -m joblib.externals.loky.backend.popen_loky_posix --process-name LokyProcess-691 --pipe 100
3437754       15:34 47.7  0.1 /home/marc/Documents/pivlab/clamp-analyses/.conda/envs/clamp-analyses/bin/python -m joblib.externals.loky.backend.popen_loky_posix --process-name LokyProcess-692 --pipe 101
3437755       15:34 46.9  0.1 /home/marc/Documents/pivlab/clamp-analyses/.conda/envs/clamp-analyses/bin/python -m joblib.externals.loky.backend.popen_loky_posix --process-name LokyProcess-693 --pipe 102
3437756       15:34 40.8  0.1 /home/marc/Documents/pivlab/clamp-analyses/.conda/envs/clamp-analyses/bin/python -m joblib.externals.loky.backend.popen_loky_posix --process-name LokyProcess-694 --pipe 103
3437757       15:34 46.3  0.1 /home/marc/Documents/pivlab/clamp-analyses/.conda/envs/clamp-analyses/bin/python -m joblib.externals.loky.backend.popen_loky_posix --process-name LokyProcess-695 --pipe 104
3437758       15:34 45.7  0.1 /home/marc/Documents/pivlab/clamp-analyses/.conda/envs/clamp-analyses/bin/python -m joblib.externals.loky.backend.popen_loky_posix --process-name LokyProcess-696 --pipe 105
3437759       15:34 48.1  0.1 /home/marc/Documents/pivlab/clamp-analyses/.conda/envs/clamp-analyses/bin/python -m joblib.externals.loky.backend.popen_loky_posix --process-name LokyProcess-697 --pipe 105
3437760       15:34 46.2  0.1 /home/marc/Documents/pivlab/clamp-analyses/.conda/envs/clamp-analyses/bin/python -m joblib.externals.loky.backend.popen_loky_posix --process-name LokyProcess-698 --pipe 106
3437761       15:34 52.3  0.1 /home/marc/Documents/pivlab/clamp-analyses/.conda/envs/clamp-analyses/bin/python -m joblib.externals.loky.backend.popen_loky_posix --process-name LokyProcess-699 --pipe 107
3437762       15:34 38.6  0.1 /home/marc/Documents/pivlab/clamp-analyses/.conda/envs/clamp-analyses/bin/python -m joblib.externals.loky.backend.popen_loky_posix --process-name LokyProcess-700 --pipe 108
3437763       15:34 51.1  0.1 /home/marc/Documents/pivlab/clamp-analyses/.conda/envs/clamp-analyses/bin/python -m joblib.externals.loky.backend.popen_loky_posix --process-name LokyProcess-701 --pipe 109
3437764       15:34 54.3  0.1 /home/marc/Documents/pivlab/clamp-analyses/.conda/envs/clamp-analyses/bin/python -m joblib.externals.loky.backend.popen_loky_posix --process-name LokyProcess-702 --pipe 110
3437765       15:34 41.4  0.1 /home/marc/Documents/pivlab/clamp-analyses/.conda/envs/clamp-analyses/bin/python -m joblib.externals.loky.backend.popen_loky_posix --process-name LokyProcess-703 --pipe 111
3437766       15:34 55.7  0.1 /home/marc/Documents/pivlab/clamp-analyses/.conda/envs/clamp-analyses/bin/python -m joblib.externals.loky.backend.popen_loky_posix --process-name LokyProcess-704 --pipe 112
3437767       15:34 48.9  0.1 /home/marc/Documents/pivlab/clamp-analyses/.conda/envs/clamp-analyses/bin/python -m joblib.externals.loky.backend.popen_loky_posix --process-name LokyProcess-705 --pipe 113
3437768       15:34 49.9  0.1 /home/marc/Documents/pivlab/clamp-analyses/.conda/envs/clamp-analyses/bin/python -m joblib.externals.loky.backend.popen_loky_posix --process-name LokyProcess-706 --pipe 114
3437769       15:34 48.0  0.1 /home/marc/Documents/pivlab/clamp-analyses/.conda/envs/clamp-analyses/bin/python -m joblib.externals.loky.backend.popen_loky_posix --process-name LokyProcess-707 --pipe 115
3437770       15:34 46.5  0.1 /home/marc/Documents/pivlab/clamp-analyses/.conda/envs/clamp-analyses/bin/python -m joblib.externals.loky.backend.popen_loky_posix --process-name LokyProcess-708 --pipe 116
3437771       15:34 51.3  0.1 /home/marc/Documents/pivlab/clamp-analyses/.conda/envs/clamp-analyses/bin/python -m joblib.externals.loky.backend.popen_loky_posix --process-name LokyProcess-709 --pipe 117
3437772       15:34 54.7  0.1 /home/marc/Documents/pivlab/clamp-analyses/.conda/envs/clamp-analyses/bin/python -m joblib.externals.loky.backend.popen_loky_posix --process-name LokyProcess-710 --pipe 118
3437773       15:34 51.7  0.1 /home/marc/Documents/pivlab/clamp-analyses/.conda/envs/clamp-analyses/bin/python -m joblib.externals.loky.backend.popen_loky_posix --process-name LokyProcess-711 --pipe 119
3437774       15:34 47.4  0.1 /home/marc/Documents/pivlab/clamp-analyses/.conda/envs/clamp-analyses/bin/python -m joblib.externals.loky.backend.popen_loky_posix --process-name LokyProcess-712 --pipe 120
3437775       15:34 45.4  0.1 /home/marc/Documents/pivlab/clamp-analyses/.conda/envs/clamp-analyses/bin/python -m joblib.externals.loky.backend.popen_loky_posix --process-name LokyProcess-713 --pipe 121
3437776       15:34 51.8  0.1 /home/marc/Documents/pivlab/clamp-analyses/.conda/envs/clamp-analyses/bin/python -m joblib.externals.loky.backend.popen_loky_posix --process-name LokyProcess-714 --pipe 122
3437777       15:34 45.0  0.1 /home/marc/Documents/pivlab/clamp-analyses/.conda/envs/clamp-analyses/bin/python -m joblib.externals.loky.backend.popen_loky_posix --process-name LokyProcess-715 --pipe 123
3437778       15:34 42.8  0.1 /home/marc/Documents/pivlab/clamp-analyses/.conda/envs/clamp-analyses/bin/python -m joblib.externals.loky.backend.popen_loky_posix --process-name LokyProcess-716 --pipe 124
3437779       15:34 43.3  0.1 /home/marc/Documents/pivlab/clamp-analyses/.conda/envs/clamp-analyses/bin/python -m joblib.externals.loky.backend.popen_loky_posix --process-name LokyProcess-717 --pipe 125
3437780       15:34 53.4  0.1 /home/marc/Documents/pivlab/clamp-analyses/.conda/envs/clamp-analyses/bin/python -m joblib.externals.loky.backend.popen_loky_posix --process-name LokyProcess-718 --pipe 126
3437781       15:34 47.6  0.1 /home/marc/Documents/pivlab/clamp-analyses/.conda/envs/clamp-analyses/bin/python -m joblib.externals.loky.backend.popen_loky_posix --process-name LokyProcess-719 --pipe 127
3437782       15:34 45.5  0.1 /home/marc/Documents/pivlab/clamp-analyses/.conda/envs/clamp-analyses/bin/python -m joblib.externals.loky.backend.popen_loky_posix --process-name LokyProcess-720 --pipe 128
log_markers:
===== START nbs/03_model_biology/01_gtex/03_rf_true_labels/00_LV_importance_true_labels.ipynb Wed Jun 24 14:50:43 MDT 2026 =====
output_counts:
1
output/03_model_biology/01_gtex/03_rf_true_labels/01_LV_importance_true_labels_biology/phenomexcan_simplified_phenotypes_info.tsv.gz

===== STATUS Thu Jun 25 01:22:10 MDT 2026 =====
runner_pid=3366595
runner=RUNNING
processes:
3366595    10:31:27  0.0  0.0 bash logs/run_03_rf_true_labels_bg.sh
3366601    10:31:27  0.0  0.0 python3.11 /home/marc/Documents/pivlab/clamp-analyses/.conda/envs/clamp-analyses/bin/jupyter-nbconvert --to notebook --execute --inplace --ExecutePreprocessor.timeout=-1 nbs/03_model_biology/01_gtex/03_rf_true_labels/00_LV_importance_true_labels.ipynb
3366604    10:31:25 55.1  1.2 /home/marc/Documents/pivlab/clamp-analyses/.conda/envs/clamp-analyses/bin/python -m ipykernel_launcher -f /tmp/tmp5q69_ol4.json --HistoryManager.hist_file=:memory:
log_markers:
===== START nbs/03_model_biology/01_gtex/03_rf_true_labels/00_LV_importance_true_labels.ipynb Wed Jun 24 14:50:43 MDT 2026 =====
output_counts:
1
output/03_model_biology/01_gtex/03_rf_true_labels/01_LV_importance_true_labels_biology/phenomexcan_simplified_phenotypes_info.tsv.gz

===== STATUS Thu Jun 25 01:52:10 MDT 2026 =====
runner_pid=3366595
runner=NOT_RUNNING
processes:
log_markers:
===== START nbs/03_model_biology/01_gtex/03_rf_true_labels/00_LV_importance_true_labels.ipynb Wed Jun 24 14:50:43 MDT 2026 =====
===== END nbs/03_model_biology/01_gtex/03_rf_true_labels/00_LV_importance_true_labels.ipynb status=0 Thu Jun 25 01:34:09 MDT 2026 =====
===== START nbs/03_model_biology/01_gtex/03_rf_true_labels/01_LV_importance_true_labels_biology.ipynb Thu Jun 25 01:34:09 MDT 2026 =====
===== END nbs/03_model_biology/01_gtex/03_rf_true_labels/01_LV_importance_true_labels_biology.ipynb status=0 Thu Jun 25 01:34:32 MDT 2026 =====
===== START nbs/03_model_biology/01_gtex/03_rf_true_labels/02_LV_importance_true_labels_tissue.ipynb Thu Jun 25 01:34:32 MDT 2026 =====
===== END nbs/03_model_biology/01_gtex/03_rf_true_labels/02_LV_importance_true_labels_tissue.ipynb status=0 Thu Jun 25 01:35:55 MDT 2026 =====
===== START nbs/03_model_biology/01_gtex/03_rf_true_labels/03_global_alignment.ipynb Thu Jun 25 01:35:55 MDT 2026 =====
===== END nbs/03_model_biology/01_gtex/03_rf_true_labels/03_global_alignment.ipynb status=0 Thu Jun 25 01:36:16 MDT 2026 =====
===== START nbs/03_model_biology/01_gtex/03_rf_true_labels/04_tissue_cellmarker_validation.ipynb Thu Jun 25 01:36:16 MDT 2026 =====
===== END nbs/03_model_biology/01_gtex/03_rf_true_labels/04_tissue_cellmarker_validation.ipynb status=0 Thu Jun 25 01:36:36 MDT 2026 =====
===== START nbs/03_model_biology/01_gtex/03_rf_true_labels/05_tissue_validation_multi_resource.ipynb Thu Jun 25 01:36:36 MDT 2026 =====
===== END nbs/03_model_biology/01_gtex/03_rf_true_labels/05_tissue_validation_multi_resource.ipynb status=0 Thu Jun 25 01:37:30 MDT 2026 =====
RUN_DONE Thu Jun 25 01:37:30 MDT 2026
output_counts:
34
output/03_model_biology/01_gtex/03_rf_true_labels/03_global_alignment/top1/gtex_global_alignment_summary.csv
output/03_model_biology/01_gtex/03_rf_true_labels/04_tissue_cellmarker_validation/cellmarker_ora_per_lv.csv
output/03_model_biology/01_gtex/03_rf_true_labels/04_tissue_cellmarker_validation/cumulative25/cellmarker_global_alignment_detail.csv
output/03_model_biology/01_gtex/03_rf_true_labels/04_tissue_cellmarker_validation/cumulative25/cellmarker_global_alignment_final_pct.csv
output/03_model_biology/01_gtex/03_rf_true_labels/04_tissue_cellmarker_validation/cumulative25/cellmarker_global_alignment_per_lv_pct.csv
output/03_model_biology/01_gtex/03_rf_true_labels/04_tissue_cellmarker_validation/cumulative25/cellmarker_global_alignment_summary.csv
output/03_model_biology/01_gtex/03_rf_true_labels/04_tissue_cellmarker_validation/top1/cellmarker_global_alignment_detail.csv
output/03_model_biology/01_gtex/03_rf_true_labels/04_tissue_cellmarker_validation/top1/cellmarker_global_alignment_final_pct.csv
output/03_model_biology/01_gtex/03_rf_true_labels/04_tissue_cellmarker_validation/top1/cellmarker_global_alignment_summary.csv
output/03_model_biology/01_gtex/03_rf_true_labels/05_tissue_validation_multi_resource/c8_ora_per_lv.csv
output/03_model_biology/01_gtex/03_rf_true_labels/05_tissue_validation_multi_resource/c8_term_tissue_assignment.csv
output/03_model_biology/01_gtex/03_rf_true_labels/05_tissue_validation_multi_resource/cellmarker_lv_significant_pathways_cumulative25.csv
output/03_model_biology/01_gtex/03_rf_true_labels/05_tissue_validation_multi_resource/cellmarker_lv_significant_pathways_top1.csv
output/03_model_biology/01_gtex/03_rf_true_labels/05_tissue_validation_multi_resource/cellmarker_ora_per_lv.csv
output/03_model_biology/01_gtex/03_rf_true_labels/05_tissue_validation_multi_resource/cellmarker_term_tissue_assignment.csv
output/03_model_biology/01_gtex/03_rf_true_labels/05_tissue_validation_multi_resource/combined_final_summary.csv
output/03_model_biology/01_gtex/03_rf_true_labels/05_tissue_validation_multi_resource/combined_tissue_table_cumulative25.csv
output/03_model_biology/01_gtex/03_rf_true_labels/05_tissue_validation_multi_resource/combined_tissue_table_top1.csv
output/03_model_biology/01_gtex/03_rf_true_labels/05_tissue_validation_multi_resource/panglaodb_ora_per_lv.csv
output/03_model_biology/01_gtex/03_rf_true_labels/05_tissue_validation_multi_resource/panglaodb_term_tissue_assignment.csv

===== STATUS Thu Jun 25 02:22:10 MDT 2026 =====
runner_pid=3366595
runner=NOT_RUNNING
processes:
log_markers:
===== START nbs/03_model_biology/01_gtex/03_rf_true_labels/00_LV_importance_true_labels.ipynb Wed Jun 24 14:50:43 MDT 2026 =====
===== END nbs/03_model_biology/01_gtex/03_rf_true_labels/00_LV_importance_true_labels.ipynb status=0 Thu Jun 25 01:34:09 MDT 2026 =====
===== START nbs/03_model_biology/01_gtex/03_rf_true_labels/01_LV_importance_true_labels_biology.ipynb Thu Jun 25 01:34:09 MDT 2026 =====
===== END nbs/03_model_biology/01_gtex/03_rf_true_labels/01_LV_importance_true_labels_biology.ipynb status=0 Thu Jun 25 01:34:32 MDT 2026 =====
===== START nbs/03_model_biology/01_gtex/03_rf_true_labels/02_LV_importance_true_labels_tissue.ipynb Thu Jun 25 01:34:32 MDT 2026 =====
===== END nbs/03_model_biology/01_gtex/03_rf_true_labels/02_LV_importance_true_labels_tissue.ipynb status=0 Thu Jun 25 01:35:55 MDT 2026 =====
===== START nbs/03_model_biology/01_gtex/03_rf_true_labels/03_global_alignment.ipynb Thu Jun 25 01:35:55 MDT 2026 =====
===== END nbs/03_model_biology/01_gtex/03_rf_true_labels/03_global_alignment.ipynb status=0 Thu Jun 25 01:36:16 MDT 2026 =====
===== START nbs/03_model_biology/01_gtex/03_rf_true_labels/04_tissue_cellmarker_validation.ipynb Thu Jun 25 01:36:16 MDT 2026 =====
===== END nbs/03_model_biology/01_gtex/03_rf_true_labels/04_tissue_cellmarker_validation.ipynb status=0 Thu Jun 25 01:36:36 MDT 2026 =====
===== START nbs/03_model_biology/01_gtex/03_rf_true_labels/05_tissue_validation_multi_resource.ipynb Thu Jun 25 01:36:36 MDT 2026 =====
===== END nbs/03_model_biology/01_gtex/03_rf_true_labels/05_tissue_validation_multi_resource.ipynb status=0 Thu Jun 25 01:37:30 MDT 2026 =====
RUN_DONE Thu Jun 25 01:37:30 MDT 2026
output_counts:
34
output/03_model_biology/01_gtex/03_rf_true_labels/03_global_alignment/top1/gtex_global_alignment_summary.csv
output/03_model_biology/01_gtex/03_rf_true_labels/04_tissue_cellmarker_validation/cellmarker_ora_per_lv.csv
output/03_model_biology/01_gtex/03_rf_true_labels/04_tissue_cellmarker_validation/cumulative25/cellmarker_global_alignment_detail.csv
output/03_model_biology/01_gtex/03_rf_true_labels/04_tissue_cellmarker_validation/cumulative25/cellmarker_global_alignment_final_pct.csv
output/03_model_biology/01_gtex/03_rf_true_labels/04_tissue_cellmarker_validation/cumulative25/cellmarker_global_alignment_per_lv_pct.csv
output/03_model_biology/01_gtex/03_rf_true_labels/04_tissue_cellmarker_validation/cumulative25/cellmarker_global_alignment_summary.csv
output/03_model_biology/01_gtex/03_rf_true_labels/04_tissue_cellmarker_validation/top1/cellmarker_global_alignment_detail.csv
output/03_model_biology/01_gtex/03_rf_true_labels/04_tissue_cellmarker_validation/top1/cellmarker_global_alignment_final_pct.csv
output/03_model_biology/01_gtex/03_rf_true_labels/04_tissue_cellmarker_validation/top1/cellmarker_global_alignment_summary.csv
output/03_model_biology/01_gtex/03_rf_true_labels/05_tissue_validation_multi_resource/c8_ora_per_lv.csv
output/03_model_biology/01_gtex/03_rf_true_labels/05_tissue_validation_multi_resource/c8_term_tissue_assignment.csv
output/03_model_biology/01_gtex/03_rf_true_labels/05_tissue_validation_multi_resource/cellmarker_lv_significant_pathways_cumulative25.csv
output/03_model_biology/01_gtex/03_rf_true_labels/05_tissue_validation_multi_resource/cellmarker_lv_significant_pathways_top1.csv
output/03_model_biology/01_gtex/03_rf_true_labels/05_tissue_validation_multi_resource/cellmarker_ora_per_lv.csv
output/03_model_biology/01_gtex/03_rf_true_labels/05_tissue_validation_multi_resource/cellmarker_term_tissue_assignment.csv
output/03_model_biology/01_gtex/03_rf_true_labels/05_tissue_validation_multi_resource/combined_final_summary.csv
output/03_model_biology/01_gtex/03_rf_true_labels/05_tissue_validation_multi_resource/combined_tissue_table_cumulative25.csv
output/03_model_biology/01_gtex/03_rf_true_labels/05_tissue_validation_multi_resource/combined_tissue_table_top1.csv
output/03_model_biology/01_gtex/03_rf_true_labels/05_tissue_validation_multi_resource/panglaodb_ora_per_lv.csv
output/03_model_biology/01_gtex/03_rf_true_labels/05_tissue_validation_multi_resource/panglaodb_term_tissue_assignment.csv

===== STATUS Thu Jun 25 02:52:10 MDT 2026 =====
runner_pid=3366595
runner=NOT_RUNNING
processes:
log_markers:
===== START nbs/03_model_biology/01_gtex/03_rf_true_labels/00_LV_importance_true_labels.ipynb Wed Jun 24 14:50:43 MDT 2026 =====
===== END nbs/03_model_biology/01_gtex/03_rf_true_labels/00_LV_importance_true_labels.ipynb status=0 Thu Jun 25 01:34:09 MDT 2026 =====
===== START nbs/03_model_biology/01_gtex/03_rf_true_labels/01_LV_importance_true_labels_biology.ipynb Thu Jun 25 01:34:09 MDT 2026 =====
===== END nbs/03_model_biology/01_gtex/03_rf_true_labels/01_LV_importance_true_labels_biology.ipynb status=0 Thu Jun 25 01:34:32 MDT 2026 =====
===== START nbs/03_model_biology/01_gtex/03_rf_true_labels/02_LV_importance_true_labels_tissue.ipynb Thu Jun 25 01:34:32 MDT 2026 =====
===== END nbs/03_model_biology/01_gtex/03_rf_true_labels/02_LV_importance_true_labels_tissue.ipynb status=0 Thu Jun 25 01:35:55 MDT 2026 =====
===== START nbs/03_model_biology/01_gtex/03_rf_true_labels/03_global_alignment.ipynb Thu Jun 25 01:35:55 MDT 2026 =====
===== END nbs/03_model_biology/01_gtex/03_rf_true_labels/03_global_alignment.ipynb status=0 Thu Jun 25 01:36:16 MDT 2026 =====
===== START nbs/03_model_biology/01_gtex/03_rf_true_labels/04_tissue_cellmarker_validation.ipynb Thu Jun 25 01:36:16 MDT 2026 =====
===== END nbs/03_model_biology/01_gtex/03_rf_true_labels/04_tissue_cellmarker_validation.ipynb status=0 Thu Jun 25 01:36:36 MDT 2026 =====
===== START nbs/03_model_biology/01_gtex/03_rf_true_labels/05_tissue_validation_multi_resource.ipynb Thu Jun 25 01:36:36 MDT 2026 =====
===== END nbs/03_model_biology/01_gtex/03_rf_true_labels/05_tissue_validation_multi_resource.ipynb status=0 Thu Jun 25 01:37:30 MDT 2026 =====
RUN_DONE Thu Jun 25 01:37:30 MDT 2026
output_counts:
34
output/03_model_biology/01_gtex/03_rf_true_labels/03_global_alignment/top1/gtex_global_alignment_summary.csv
output/03_model_biology/01_gtex/03_rf_true_labels/04_tissue_cellmarker_validation/cellmarker_ora_per_lv.csv
output/03_model_biology/01_gtex/03_rf_true_labels/04_tissue_cellmarker_validation/cumulative25/cellmarker_global_alignment_detail.csv
output/03_model_biology/01_gtex/03_rf_true_labels/04_tissue_cellmarker_validation/cumulative25/cellmarker_global_alignment_final_pct.csv
output/03_model_biology/01_gtex/03_rf_true_labels/04_tissue_cellmarker_validation/cumulative25/cellmarker_global_alignment_per_lv_pct.csv
output/03_model_biology/01_gtex/03_rf_true_labels/04_tissue_cellmarker_validation/cumulative25/cellmarker_global_alignment_summary.csv
output/03_model_biology/01_gtex/03_rf_true_labels/04_tissue_cellmarker_validation/top1/cellmarker_global_alignment_detail.csv
output/03_model_biology/01_gtex/03_rf_true_labels/04_tissue_cellmarker_validation/top1/cellmarker_global_alignment_final_pct.csv
output/03_model_biology/01_gtex/03_rf_true_labels/04_tissue_cellmarker_validation/top1/cellmarker_global_alignment_summary.csv
output/03_model_biology/01_gtex/03_rf_true_labels/05_tissue_validation_multi_resource/c8_ora_per_lv.csv
output/03_model_biology/01_gtex/03_rf_true_labels/05_tissue_validation_multi_resource/c8_term_tissue_assignment.csv
output/03_model_biology/01_gtex/03_rf_true_labels/05_tissue_validation_multi_resource/cellmarker_lv_significant_pathways_cumulative25.csv
output/03_model_biology/01_gtex/03_rf_true_labels/05_tissue_validation_multi_resource/cellmarker_lv_significant_pathways_top1.csv
output/03_model_biology/01_gtex/03_rf_true_labels/05_tissue_validation_multi_resource/cellmarker_ora_per_lv.csv
output/03_model_biology/01_gtex/03_rf_true_labels/05_tissue_validation_multi_resource/cellmarker_term_tissue_assignment.csv
output/03_model_biology/01_gtex/03_rf_true_labels/05_tissue_validation_multi_resource/combined_final_summary.csv
output/03_model_biology/01_gtex/03_rf_true_labels/05_tissue_validation_multi_resource/combined_tissue_table_cumulative25.csv
output/03_model_biology/01_gtex/03_rf_true_labels/05_tissue_validation_multi_resource/combined_tissue_table_top1.csv
output/03_model_biology/01_gtex/03_rf_true_labels/05_tissue_validation_multi_resource/panglaodb_ora_per_lv.csv
output/03_model_biology/01_gtex/03_rf_true_labels/05_tissue_validation_multi_resource/panglaodb_term_tissue_assignment.csv

===== STATUS Thu Jun 25 03:22:10 MDT 2026 =====
runner_pid=3366595
runner=NOT_RUNNING
processes:
log_markers:
===== START nbs/03_model_biology/01_gtex/03_rf_true_labels/00_LV_importance_true_labels.ipynb Wed Jun 24 14:50:43 MDT 2026 =====
===== END nbs/03_model_biology/01_gtex/03_rf_true_labels/00_LV_importance_true_labels.ipynb status=0 Thu Jun 25 01:34:09 MDT 2026 =====
===== START nbs/03_model_biology/01_gtex/03_rf_true_labels/01_LV_importance_true_labels_biology.ipynb Thu Jun 25 01:34:09 MDT 2026 =====
===== END nbs/03_model_biology/01_gtex/03_rf_true_labels/01_LV_importance_true_labels_biology.ipynb status=0 Thu Jun 25 01:34:32 MDT 2026 =====
===== START nbs/03_model_biology/01_gtex/03_rf_true_labels/02_LV_importance_true_labels_tissue.ipynb Thu Jun 25 01:34:32 MDT 2026 =====
===== END nbs/03_model_biology/01_gtex/03_rf_true_labels/02_LV_importance_true_labels_tissue.ipynb status=0 Thu Jun 25 01:35:55 MDT 2026 =====
===== START nbs/03_model_biology/01_gtex/03_rf_true_labels/03_global_alignment.ipynb Thu Jun 25 01:35:55 MDT 2026 =====
===== END nbs/03_model_biology/01_gtex/03_rf_true_labels/03_global_alignment.ipynb status=0 Thu Jun 25 01:36:16 MDT 2026 =====
===== START nbs/03_model_biology/01_gtex/03_rf_true_labels/04_tissue_cellmarker_validation.ipynb Thu Jun 25 01:36:16 MDT 2026 =====
===== END nbs/03_model_biology/01_gtex/03_rf_true_labels/04_tissue_cellmarker_validation.ipynb status=0 Thu Jun 25 01:36:36 MDT 2026 =====
===== START nbs/03_model_biology/01_gtex/03_rf_true_labels/05_tissue_validation_multi_resource.ipynb Thu Jun 25 01:36:36 MDT 2026 =====
===== END nbs/03_model_biology/01_gtex/03_rf_true_labels/05_tissue_validation_multi_resource.ipynb status=0 Thu Jun 25 01:37:30 MDT 2026 =====
RUN_DONE Thu Jun 25 01:37:30 MDT 2026
output_counts:
34
output/03_model_biology/01_gtex/03_rf_true_labels/03_global_alignment/top1/gtex_global_alignment_summary.csv
output/03_model_biology/01_gtex/03_rf_true_labels/04_tissue_cellmarker_validation/cellmarker_ora_per_lv.csv
output/03_model_biology/01_gtex/03_rf_true_labels/04_tissue_cellmarker_validation/cumulative25/cellmarker_global_alignment_detail.csv
output/03_model_biology/01_gtex/03_rf_true_labels/04_tissue_cellmarker_validation/cumulative25/cellmarker_global_alignment_final_pct.csv
output/03_model_biology/01_gtex/03_rf_true_labels/04_tissue_cellmarker_validation/cumulative25/cellmarker_global_alignment_per_lv_pct.csv
output/03_model_biology/01_gtex/03_rf_true_labels/04_tissue_cellmarker_validation/cumulative25/cellmarker_global_alignment_summary.csv
output/03_model_biology/01_gtex/03_rf_true_labels/04_tissue_cellmarker_validation/top1/cellmarker_global_alignment_detail.csv
output/03_model_biology/01_gtex/03_rf_true_labels/04_tissue_cellmarker_validation/top1/cellmarker_global_alignment_final_pct.csv
output/03_model_biology/01_gtex/03_rf_true_labels/04_tissue_cellmarker_validation/top1/cellmarker_global_alignment_summary.csv
output/03_model_biology/01_gtex/03_rf_true_labels/05_tissue_validation_multi_resource/c8_ora_per_lv.csv
output/03_model_biology/01_gtex/03_rf_true_labels/05_tissue_validation_multi_resource/c8_term_tissue_assignment.csv
output/03_model_biology/01_gtex/03_rf_true_labels/05_tissue_validation_multi_resource/cellmarker_lv_significant_pathways_cumulative25.csv
output/03_model_biology/01_gtex/03_rf_true_labels/05_tissue_validation_multi_resource/cellmarker_lv_significant_pathways_top1.csv
output/03_model_biology/01_gtex/03_rf_true_labels/05_tissue_validation_multi_resource/cellmarker_ora_per_lv.csv
output/03_model_biology/01_gtex/03_rf_true_labels/05_tissue_validation_multi_resource/cellmarker_term_tissue_assignment.csv
output/03_model_biology/01_gtex/03_rf_true_labels/05_tissue_validation_multi_resource/combined_final_summary.csv
output/03_model_biology/01_gtex/03_rf_true_labels/05_tissue_validation_multi_resource/combined_tissue_table_cumulative25.csv
output/03_model_biology/01_gtex/03_rf_true_labels/05_tissue_validation_multi_resource/combined_tissue_table_top1.csv
output/03_model_biology/01_gtex/03_rf_true_labels/05_tissue_validation_multi_resource/panglaodb_ora_per_lv.csv
output/03_model_biology/01_gtex/03_rf_true_labels/05_tissue_validation_multi_resource/panglaodb_term_tissue_assignment.csv

===== STATUS Thu Jun 25 03:52:10 MDT 2026 =====
runner_pid=3366595
runner=NOT_RUNNING
processes:
log_markers:
===== START nbs/03_model_biology/01_gtex/03_rf_true_labels/00_LV_importance_true_labels.ipynb Wed Jun 24 14:50:43 MDT 2026 =====
===== END nbs/03_model_biology/01_gtex/03_rf_true_labels/00_LV_importance_true_labels.ipynb status=0 Thu Jun 25 01:34:09 MDT 2026 =====
===== START nbs/03_model_biology/01_gtex/03_rf_true_labels/01_LV_importance_true_labels_biology.ipynb Thu Jun 25 01:34:09 MDT 2026 =====
===== END nbs/03_model_biology/01_gtex/03_rf_true_labels/01_LV_importance_true_labels_biology.ipynb status=0 Thu Jun 25 01:34:32 MDT 2026 =====
===== START nbs/03_model_biology/01_gtex/03_rf_true_labels/02_LV_importance_true_labels_tissue.ipynb Thu Jun 25 01:34:32 MDT 2026 =====
===== END nbs/03_model_biology/01_gtex/03_rf_true_labels/02_LV_importance_true_labels_tissue.ipynb status=0 Thu Jun 25 01:35:55 MDT 2026 =====
===== START nbs/03_model_biology/01_gtex/03_rf_true_labels/03_global_alignment.ipynb Thu Jun 25 01:35:55 MDT 2026 =====
===== END nbs/03_model_biology/01_gtex/03_rf_true_labels/03_global_alignment.ipynb status=0 Thu Jun 25 01:36:16 MDT 2026 =====
===== START nbs/03_model_biology/01_gtex/03_rf_true_labels/04_tissue_cellmarker_validation.ipynb Thu Jun 25 01:36:16 MDT 2026 =====
===== END nbs/03_model_biology/01_gtex/03_rf_true_labels/04_tissue_cellmarker_validation.ipynb status=0 Thu Jun 25 01:36:36 MDT 2026 =====
===== START nbs/03_model_biology/01_gtex/03_rf_true_labels/05_tissue_validation_multi_resource.ipynb Thu Jun 25 01:36:36 MDT 2026 =====
===== END nbs/03_model_biology/01_gtex/03_rf_true_labels/05_tissue_validation_multi_resource.ipynb status=0 Thu Jun 25 01:37:30 MDT 2026 =====
RUN_DONE Thu Jun 25 01:37:30 MDT 2026
output_counts:
34
output/03_model_biology/01_gtex/03_rf_true_labels/03_global_alignment/top1/gtex_global_alignment_summary.csv
output/03_model_biology/01_gtex/03_rf_true_labels/04_tissue_cellmarker_validation/cellmarker_ora_per_lv.csv
output/03_model_biology/01_gtex/03_rf_true_labels/04_tissue_cellmarker_validation/cumulative25/cellmarker_global_alignment_detail.csv
output/03_model_biology/01_gtex/03_rf_true_labels/04_tissue_cellmarker_validation/cumulative25/cellmarker_global_alignment_final_pct.csv
output/03_model_biology/01_gtex/03_rf_true_labels/04_tissue_cellmarker_validation/cumulative25/cellmarker_global_alignment_per_lv_pct.csv
output/03_model_biology/01_gtex/03_rf_true_labels/04_tissue_cellmarker_validation/cumulative25/cellmarker_global_alignment_summary.csv
output/03_model_biology/01_gtex/03_rf_true_labels/04_tissue_cellmarker_validation/top1/cellmarker_global_alignment_detail.csv
output/03_model_biology/01_gtex/03_rf_true_labels/04_tissue_cellmarker_validation/top1/cellmarker_global_alignment_final_pct.csv
output/03_model_biology/01_gtex/03_rf_true_labels/04_tissue_cellmarker_validation/top1/cellmarker_global_alignment_summary.csv
output/03_model_biology/01_gtex/03_rf_true_labels/05_tissue_validation_multi_resource/c8_ora_per_lv.csv
output/03_model_biology/01_gtex/03_rf_true_labels/05_tissue_validation_multi_resource/c8_term_tissue_assignment.csv
output/03_model_biology/01_gtex/03_rf_true_labels/05_tissue_validation_multi_resource/cellmarker_lv_significant_pathways_cumulative25.csv
output/03_model_biology/01_gtex/03_rf_true_labels/05_tissue_validation_multi_resource/cellmarker_lv_significant_pathways_top1.csv
output/03_model_biology/01_gtex/03_rf_true_labels/05_tissue_validation_multi_resource/cellmarker_ora_per_lv.csv
output/03_model_biology/01_gtex/03_rf_true_labels/05_tissue_validation_multi_resource/cellmarker_term_tissue_assignment.csv
output/03_model_biology/01_gtex/03_rf_true_labels/05_tissue_validation_multi_resource/combined_final_summary.csv
output/03_model_biology/01_gtex/03_rf_true_labels/05_tissue_validation_multi_resource/combined_tissue_table_cumulative25.csv
output/03_model_biology/01_gtex/03_rf_true_labels/05_tissue_validation_multi_resource/combined_tissue_table_top1.csv
output/03_model_biology/01_gtex/03_rf_true_labels/05_tissue_validation_multi_resource/panglaodb_ora_per_lv.csv
output/03_model_biology/01_gtex/03_rf_true_labels/05_tissue_validation_multi_resource/panglaodb_term_tissue_assignment.csv

===== STATUS Thu Jun 25 04:22:10 MDT 2026 =====
runner_pid=3366595
runner=NOT_RUNNING
processes:
log_markers:
===== START nbs/03_model_biology/01_gtex/03_rf_true_labels/00_LV_importance_true_labels.ipynb Wed Jun 24 14:50:43 MDT 2026 =====
===== END nbs/03_model_biology/01_gtex/03_rf_true_labels/00_LV_importance_true_labels.ipynb status=0 Thu Jun 25 01:34:09 MDT 2026 =====
===== START nbs/03_model_biology/01_gtex/03_rf_true_labels/01_LV_importance_true_labels_biology.ipynb Thu Jun 25 01:34:09 MDT 2026 =====
===== END nbs/03_model_biology/01_gtex/03_rf_true_labels/01_LV_importance_true_labels_biology.ipynb status=0 Thu Jun 25 01:34:32 MDT 2026 =====
===== START nbs/03_model_biology/01_gtex/03_rf_true_labels/02_LV_importance_true_labels_tissue.ipynb Thu Jun 25 01:34:32 MDT 2026 =====
===== END nbs/03_model_biology/01_gtex/03_rf_true_labels/02_LV_importance_true_labels_tissue.ipynb status=0 Thu Jun 25 01:35:55 MDT 2026 =====
===== START nbs/03_model_biology/01_gtex/03_rf_true_labels/03_global_alignment.ipynb Thu Jun 25 01:35:55 MDT 2026 =====
===== END nbs/03_model_biology/01_gtex/03_rf_true_labels/03_global_alignment.ipynb status=0 Thu Jun 25 01:36:16 MDT 2026 =====
===== START nbs/03_model_biology/01_gtex/03_rf_true_labels/04_tissue_cellmarker_validation.ipynb Thu Jun 25 01:36:16 MDT 2026 =====
===== END nbs/03_model_biology/01_gtex/03_rf_true_labels/04_tissue_cellmarker_validation.ipynb status=0 Thu Jun 25 01:36:36 MDT 2026 =====
===== START nbs/03_model_biology/01_gtex/03_rf_true_labels/05_tissue_validation_multi_resource.ipynb Thu Jun 25 01:36:36 MDT 2026 =====
===== END nbs/03_model_biology/01_gtex/03_rf_true_labels/05_tissue_validation_multi_resource.ipynb status=0 Thu Jun 25 01:37:30 MDT 2026 =====
RUN_DONE Thu Jun 25 01:37:30 MDT 2026
output_counts:
34
output/03_model_biology/01_gtex/03_rf_true_labels/03_global_alignment/top1/gtex_global_alignment_summary.csv
output/03_model_biology/01_gtex/03_rf_true_labels/04_tissue_cellmarker_validation/cellmarker_ora_per_lv.csv
output/03_model_biology/01_gtex/03_rf_true_labels/04_tissue_cellmarker_validation/cumulative25/cellmarker_global_alignment_detail.csv
output/03_model_biology/01_gtex/03_rf_true_labels/04_tissue_cellmarker_validation/cumulative25/cellmarker_global_alignment_final_pct.csv
output/03_model_biology/01_gtex/03_rf_true_labels/04_tissue_cellmarker_validation/cumulative25/cellmarker_global_alignment_per_lv_pct.csv
output/03_model_biology/01_gtex/03_rf_true_labels/04_tissue_cellmarker_validation/cumulative25/cellmarker_global_alignment_summary.csv
output/03_model_biology/01_gtex/03_rf_true_labels/04_tissue_cellmarker_validation/top1/cellmarker_global_alignment_detail.csv
output/03_model_biology/01_gtex/03_rf_true_labels/04_tissue_cellmarker_validation/top1/cellmarker_global_alignment_final_pct.csv
output/03_model_biology/01_gtex/03_rf_true_labels/04_tissue_cellmarker_validation/top1/cellmarker_global_alignment_summary.csv
output/03_model_biology/01_gtex/03_rf_true_labels/05_tissue_validation_multi_resource/c8_ora_per_lv.csv
output/03_model_biology/01_gtex/03_rf_true_labels/05_tissue_validation_multi_resource/c8_term_tissue_assignment.csv
output/03_model_biology/01_gtex/03_rf_true_labels/05_tissue_validation_multi_resource/cellmarker_lv_significant_pathways_cumulative25.csv
output/03_model_biology/01_gtex/03_rf_true_labels/05_tissue_validation_multi_resource/cellmarker_lv_significant_pathways_top1.csv
output/03_model_biology/01_gtex/03_rf_true_labels/05_tissue_validation_multi_resource/cellmarker_ora_per_lv.csv
output/03_model_biology/01_gtex/03_rf_true_labels/05_tissue_validation_multi_resource/cellmarker_term_tissue_assignment.csv
output/03_model_biology/01_gtex/03_rf_true_labels/05_tissue_validation_multi_resource/combined_final_summary.csv
output/03_model_biology/01_gtex/03_rf_true_labels/05_tissue_validation_multi_resource/combined_tissue_table_cumulative25.csv
output/03_model_biology/01_gtex/03_rf_true_labels/05_tissue_validation_multi_resource/combined_tissue_table_top1.csv
output/03_model_biology/01_gtex/03_rf_true_labels/05_tissue_validation_multi_resource/panglaodb_ora_per_lv.csv
output/03_model_biology/01_gtex/03_rf_true_labels/05_tissue_validation_multi_resource/panglaodb_term_tissue_assignment.csv

===== STATUS Thu Jun 25 04:52:10 MDT 2026 =====
runner_pid=3366595
runner=NOT_RUNNING
processes:
log_markers:
===== START nbs/03_model_biology/01_gtex/03_rf_true_labels/00_LV_importance_true_labels.ipynb Wed Jun 24 14:50:43 MDT 2026 =====
===== END nbs/03_model_biology/01_gtex/03_rf_true_labels/00_LV_importance_true_labels.ipynb status=0 Thu Jun 25 01:34:09 MDT 2026 =====
===== START nbs/03_model_biology/01_gtex/03_rf_true_labels/01_LV_importance_true_labels_biology.ipynb Thu Jun 25 01:34:09 MDT 2026 =====
===== END nbs/03_model_biology/01_gtex/03_rf_true_labels/01_LV_importance_true_labels_biology.ipynb status=0 Thu Jun 25 01:34:32 MDT 2026 =====
===== START nbs/03_model_biology/01_gtex/03_rf_true_labels/02_LV_importance_true_labels_tissue.ipynb Thu Jun 25 01:34:32 MDT 2026 =====
===== END nbs/03_model_biology/01_gtex/03_rf_true_labels/02_LV_importance_true_labels_tissue.ipynb status=0 Thu Jun 25 01:35:55 MDT 2026 =====
===== START nbs/03_model_biology/01_gtex/03_rf_true_labels/03_global_alignment.ipynb Thu Jun 25 01:35:55 MDT 2026 =====
===== END nbs/03_model_biology/01_gtex/03_rf_true_labels/03_global_alignment.ipynb status=0 Thu Jun 25 01:36:16 MDT 2026 =====
===== START nbs/03_model_biology/01_gtex/03_rf_true_labels/04_tissue_cellmarker_validation.ipynb Thu Jun 25 01:36:16 MDT 2026 =====
===== END nbs/03_model_biology/01_gtex/03_rf_true_labels/04_tissue_cellmarker_validation.ipynb status=0 Thu Jun 25 01:36:36 MDT 2026 =====
===== START nbs/03_model_biology/01_gtex/03_rf_true_labels/05_tissue_validation_multi_resource.ipynb Thu Jun 25 01:36:36 MDT 2026 =====
===== END nbs/03_model_biology/01_gtex/03_rf_true_labels/05_tissue_validation_multi_resource.ipynb status=0 Thu Jun 25 01:37:30 MDT 2026 =====
RUN_DONE Thu Jun 25 01:37:30 MDT 2026
output_counts:
34
output/03_model_biology/01_gtex/03_rf_true_labels/03_global_alignment/top1/gtex_global_alignment_summary.csv
output/03_model_biology/01_gtex/03_rf_true_labels/04_tissue_cellmarker_validation/cellmarker_ora_per_lv.csv
output/03_model_biology/01_gtex/03_rf_true_labels/04_tissue_cellmarker_validation/cumulative25/cellmarker_global_alignment_detail.csv
output/03_model_biology/01_gtex/03_rf_true_labels/04_tissue_cellmarker_validation/cumulative25/cellmarker_global_alignment_final_pct.csv
output/03_model_biology/01_gtex/03_rf_true_labels/04_tissue_cellmarker_validation/cumulative25/cellmarker_global_alignment_per_lv_pct.csv
output/03_model_biology/01_gtex/03_rf_true_labels/04_tissue_cellmarker_validation/cumulative25/cellmarker_global_alignment_summary.csv
output/03_model_biology/01_gtex/03_rf_true_labels/04_tissue_cellmarker_validation/top1/cellmarker_global_alignment_detail.csv
output/03_model_biology/01_gtex/03_rf_true_labels/04_tissue_cellmarker_validation/top1/cellmarker_global_alignment_final_pct.csv
output/03_model_biology/01_gtex/03_rf_true_labels/04_tissue_cellmarker_validation/top1/cellmarker_global_alignment_summary.csv
output/03_model_biology/01_gtex/03_rf_true_labels/05_tissue_validation_multi_resource/c8_ora_per_lv.csv
output/03_model_biology/01_gtex/03_rf_true_labels/05_tissue_validation_multi_resource/c8_term_tissue_assignment.csv
output/03_model_biology/01_gtex/03_rf_true_labels/05_tissue_validation_multi_resource/cellmarker_lv_significant_pathways_cumulative25.csv
output/03_model_biology/01_gtex/03_rf_true_labels/05_tissue_validation_multi_resource/cellmarker_lv_significant_pathways_top1.csv
output/03_model_biology/01_gtex/03_rf_true_labels/05_tissue_validation_multi_resource/cellmarker_ora_per_lv.csv
output/03_model_biology/01_gtex/03_rf_true_labels/05_tissue_validation_multi_resource/cellmarker_term_tissue_assignment.csv
output/03_model_biology/01_gtex/03_rf_true_labels/05_tissue_validation_multi_resource/combined_final_summary.csv
output/03_model_biology/01_gtex/03_rf_true_labels/05_tissue_validation_multi_resource/combined_tissue_table_cumulative25.csv
output/03_model_biology/01_gtex/03_rf_true_labels/05_tissue_validation_multi_resource/combined_tissue_table_top1.csv
output/03_model_biology/01_gtex/03_rf_true_labels/05_tissue_validation_multi_resource/panglaodb_ora_per_lv.csv
output/03_model_biology/01_gtex/03_rf_true_labels/05_tissue_validation_multi_resource/panglaodb_term_tissue_assignment.csv

===== STATUS Thu Jun 25 05:22:10 MDT 2026 =====
runner_pid=3366595
runner=NOT_RUNNING
processes:
log_markers:
===== START nbs/03_model_biology/01_gtex/03_rf_true_labels/00_LV_importance_true_labels.ipynb Wed Jun 24 14:50:43 MDT 2026 =====
===== END nbs/03_model_biology/01_gtex/03_rf_true_labels/00_LV_importance_true_labels.ipynb status=0 Thu Jun 25 01:34:09 MDT 2026 =====
===== START nbs/03_model_biology/01_gtex/03_rf_true_labels/01_LV_importance_true_labels_biology.ipynb Thu Jun 25 01:34:09 MDT 2026 =====
===== END nbs/03_model_biology/01_gtex/03_rf_true_labels/01_LV_importance_true_labels_biology.ipynb status=0 Thu Jun 25 01:34:32 MDT 2026 =====
===== START nbs/03_model_biology/01_gtex/03_rf_true_labels/02_LV_importance_true_labels_tissue.ipynb Thu Jun 25 01:34:32 MDT 2026 =====
===== END nbs/03_model_biology/01_gtex/03_rf_true_labels/02_LV_importance_true_labels_tissue.ipynb status=0 Thu Jun 25 01:35:55 MDT 2026 =====
===== START nbs/03_model_biology/01_gtex/03_rf_true_labels/03_global_alignment.ipynb Thu Jun 25 01:35:55 MDT 2026 =====
===== END nbs/03_model_biology/01_gtex/03_rf_true_labels/03_global_alignment.ipynb status=0 Thu Jun 25 01:36:16 MDT 2026 =====
===== START nbs/03_model_biology/01_gtex/03_rf_true_labels/04_tissue_cellmarker_validation.ipynb Thu Jun 25 01:36:16 MDT 2026 =====
===== END nbs/03_model_biology/01_gtex/03_rf_true_labels/04_tissue_cellmarker_validation.ipynb status=0 Thu Jun 25 01:36:36 MDT 2026 =====
===== START nbs/03_model_biology/01_gtex/03_rf_true_labels/05_tissue_validation_multi_resource.ipynb Thu Jun 25 01:36:36 MDT 2026 =====
===== END nbs/03_model_biology/01_gtex/03_rf_true_labels/05_tissue_validation_multi_resource.ipynb status=0 Thu Jun 25 01:37:30 MDT 2026 =====
RUN_DONE Thu Jun 25 01:37:30 MDT 2026
output_counts:
34
output/03_model_biology/01_gtex/03_rf_true_labels/03_global_alignment/top1/gtex_global_alignment_summary.csv
output/03_model_biology/01_gtex/03_rf_true_labels/04_tissue_cellmarker_validation/cellmarker_ora_per_lv.csv
output/03_model_biology/01_gtex/03_rf_true_labels/04_tissue_cellmarker_validation/cumulative25/cellmarker_global_alignment_detail.csv
output/03_model_biology/01_gtex/03_rf_true_labels/04_tissue_cellmarker_validation/cumulative25/cellmarker_global_alignment_final_pct.csv
output/03_model_biology/01_gtex/03_rf_true_labels/04_tissue_cellmarker_validation/cumulative25/cellmarker_global_alignment_per_lv_pct.csv
output/03_model_biology/01_gtex/03_rf_true_labels/04_tissue_cellmarker_validation/cumulative25/cellmarker_global_alignment_summary.csv
output/03_model_biology/01_gtex/03_rf_true_labels/04_tissue_cellmarker_validation/top1/cellmarker_global_alignment_detail.csv
output/03_model_biology/01_gtex/03_rf_true_labels/04_tissue_cellmarker_validation/top1/cellmarker_global_alignment_final_pct.csv
output/03_model_biology/01_gtex/03_rf_true_labels/04_tissue_cellmarker_validation/top1/cellmarker_global_alignment_summary.csv
output/03_model_biology/01_gtex/03_rf_true_labels/05_tissue_validation_multi_resource/c8_ora_per_lv.csv
output/03_model_biology/01_gtex/03_rf_true_labels/05_tissue_validation_multi_resource/c8_term_tissue_assignment.csv
output/03_model_biology/01_gtex/03_rf_true_labels/05_tissue_validation_multi_resource/cellmarker_lv_significant_pathways_cumulative25.csv
output/03_model_biology/01_gtex/03_rf_true_labels/05_tissue_validation_multi_resource/cellmarker_lv_significant_pathways_top1.csv
output/03_model_biology/01_gtex/03_rf_true_labels/05_tissue_validation_multi_resource/cellmarker_ora_per_lv.csv
output/03_model_biology/01_gtex/03_rf_true_labels/05_tissue_validation_multi_resource/cellmarker_term_tissue_assignment.csv
output/03_model_biology/01_gtex/03_rf_true_labels/05_tissue_validation_multi_resource/combined_final_summary.csv
output/03_model_biology/01_gtex/03_rf_true_labels/05_tissue_validation_multi_resource/combined_tissue_table_cumulative25.csv
output/03_model_biology/01_gtex/03_rf_true_labels/05_tissue_validation_multi_resource/combined_tissue_table_top1.csv
output/03_model_biology/01_gtex/03_rf_true_labels/05_tissue_validation_multi_resource/panglaodb_ora_per_lv.csv
output/03_model_biology/01_gtex/03_rf_true_labels/05_tissue_validation_multi_resource/panglaodb_term_tissue_assignment.csv

===== STATUS Thu Jun 25 05:52:10 MDT 2026 =====
runner_pid=3366595
runner=NOT_RUNNING
processes:
log_markers:
===== START nbs/03_model_biology/01_gtex/03_rf_true_labels/00_LV_importance_true_labels.ipynb Wed Jun 24 14:50:43 MDT 2026 =====
===== END nbs/03_model_biology/01_gtex/03_rf_true_labels/00_LV_importance_true_labels.ipynb status=0 Thu Jun 25 01:34:09 MDT 2026 =====
===== START nbs/03_model_biology/01_gtex/03_rf_true_labels/01_LV_importance_true_labels_biology.ipynb Thu Jun 25 01:34:09 MDT 2026 =====
===== END nbs/03_model_biology/01_gtex/03_rf_true_labels/01_LV_importance_true_labels_biology.ipynb status=0 Thu Jun 25 01:34:32 MDT 2026 =====
===== START nbs/03_model_biology/01_gtex/03_rf_true_labels/02_LV_importance_true_labels_tissue.ipynb Thu Jun 25 01:34:32 MDT 2026 =====
===== END nbs/03_model_biology/01_gtex/03_rf_true_labels/02_LV_importance_true_labels_tissue.ipynb status=0 Thu Jun 25 01:35:55 MDT 2026 =====
===== START nbs/03_model_biology/01_gtex/03_rf_true_labels/03_global_alignment.ipynb Thu Jun 25 01:35:55 MDT 2026 =====
===== END nbs/03_model_biology/01_gtex/03_rf_true_labels/03_global_alignment.ipynb status=0 Thu Jun 25 01:36:16 MDT 2026 =====
===== START nbs/03_model_biology/01_gtex/03_rf_true_labels/04_tissue_cellmarker_validation.ipynb Thu Jun 25 01:36:16 MDT 2026 =====
===== END nbs/03_model_biology/01_gtex/03_rf_true_labels/04_tissue_cellmarker_validation.ipynb status=0 Thu Jun 25 01:36:36 MDT 2026 =====
===== START nbs/03_model_biology/01_gtex/03_rf_true_labels/05_tissue_validation_multi_resource.ipynb Thu Jun 25 01:36:36 MDT 2026 =====
===== END nbs/03_model_biology/01_gtex/03_rf_true_labels/05_tissue_validation_multi_resource.ipynb status=0 Thu Jun 25 01:37:30 MDT 2026 =====
RUN_DONE Thu Jun 25 01:37:30 MDT 2026
output_counts:
34
output/03_model_biology/01_gtex/03_rf_true_labels/03_global_alignment/top1/gtex_global_alignment_summary.csv
output/03_model_biology/01_gtex/03_rf_true_labels/04_tissue_cellmarker_validation/cellmarker_ora_per_lv.csv
output/03_model_biology/01_gtex/03_rf_true_labels/04_tissue_cellmarker_validation/cumulative25/cellmarker_global_alignment_detail.csv
output/03_model_biology/01_gtex/03_rf_true_labels/04_tissue_cellmarker_validation/cumulative25/cellmarker_global_alignment_final_pct.csv
output/03_model_biology/01_gtex/03_rf_true_labels/04_tissue_cellmarker_validation/cumulative25/cellmarker_global_alignment_per_lv_pct.csv
output/03_model_biology/01_gtex/03_rf_true_labels/04_tissue_cellmarker_validation/cumulative25/cellmarker_global_alignment_summary.csv
output/03_model_biology/01_gtex/03_rf_true_labels/04_tissue_cellmarker_validation/top1/cellmarker_global_alignment_detail.csv
output/03_model_biology/01_gtex/03_rf_true_labels/04_tissue_cellmarker_validation/top1/cellmarker_global_alignment_final_pct.csv
output/03_model_biology/01_gtex/03_rf_true_labels/04_tissue_cellmarker_validation/top1/cellmarker_global_alignment_summary.csv
output/03_model_biology/01_gtex/03_rf_true_labels/05_tissue_validation_multi_resource/c8_ora_per_lv.csv
output/03_model_biology/01_gtex/03_rf_true_labels/05_tissue_validation_multi_resource/c8_term_tissue_assignment.csv
output/03_model_biology/01_gtex/03_rf_true_labels/05_tissue_validation_multi_resource/cellmarker_lv_significant_pathways_cumulative25.csv
output/03_model_biology/01_gtex/03_rf_true_labels/05_tissue_validation_multi_resource/cellmarker_lv_significant_pathways_top1.csv
output/03_model_biology/01_gtex/03_rf_true_labels/05_tissue_validation_multi_resource/cellmarker_ora_per_lv.csv
output/03_model_biology/01_gtex/03_rf_true_labels/05_tissue_validation_multi_resource/cellmarker_term_tissue_assignment.csv
output/03_model_biology/01_gtex/03_rf_true_labels/05_tissue_validation_multi_resource/combined_final_summary.csv
output/03_model_biology/01_gtex/03_rf_true_labels/05_tissue_validation_multi_resource/combined_tissue_table_cumulative25.csv
output/03_model_biology/01_gtex/03_rf_true_labels/05_tissue_validation_multi_resource/combined_tissue_table_top1.csv
output/03_model_biology/01_gtex/03_rf_true_labels/05_tissue_validation_multi_resource/panglaodb_ora_per_lv.csv
output/03_model_biology/01_gtex/03_rf_true_labels/05_tissue_validation_multi_resource/panglaodb_term_tissue_assignment.csv

===== STATUS Thu Jun 25 06:22:10 MDT 2026 =====
runner_pid=3366595
runner=NOT_RUNNING
processes:
log_markers:
===== START nbs/03_model_biology/01_gtex/03_rf_true_labels/00_LV_importance_true_labels.ipynb Wed Jun 24 14:50:43 MDT 2026 =====
===== END nbs/03_model_biology/01_gtex/03_rf_true_labels/00_LV_importance_true_labels.ipynb status=0 Thu Jun 25 01:34:09 MDT 2026 =====
===== START nbs/03_model_biology/01_gtex/03_rf_true_labels/01_LV_importance_true_labels_biology.ipynb Thu Jun 25 01:34:09 MDT 2026 =====
===== END nbs/03_model_biology/01_gtex/03_rf_true_labels/01_LV_importance_true_labels_biology.ipynb status=0 Thu Jun 25 01:34:32 MDT 2026 =====
===== START nbs/03_model_biology/01_gtex/03_rf_true_labels/02_LV_importance_true_labels_tissue.ipynb Thu Jun 25 01:34:32 MDT 2026 =====
===== END nbs/03_model_biology/01_gtex/03_rf_true_labels/02_LV_importance_true_labels_tissue.ipynb status=0 Thu Jun 25 01:35:55 MDT 2026 =====
===== START nbs/03_model_biology/01_gtex/03_rf_true_labels/03_global_alignment.ipynb Thu Jun 25 01:35:55 MDT 2026 =====
===== END nbs/03_model_biology/01_gtex/03_rf_true_labels/03_global_alignment.ipynb status=0 Thu Jun 25 01:36:16 MDT 2026 =====
===== START nbs/03_model_biology/01_gtex/03_rf_true_labels/04_tissue_cellmarker_validation.ipynb Thu Jun 25 01:36:16 MDT 2026 =====
===== END nbs/03_model_biology/01_gtex/03_rf_true_labels/04_tissue_cellmarker_validation.ipynb status=0 Thu Jun 25 01:36:36 MDT 2026 =====
===== START nbs/03_model_biology/01_gtex/03_rf_true_labels/05_tissue_validation_multi_resource.ipynb Thu Jun 25 01:36:36 MDT 2026 =====
===== END nbs/03_model_biology/01_gtex/03_rf_true_labels/05_tissue_validation_multi_resource.ipynb status=0 Thu Jun 25 01:37:30 MDT 2026 =====
RUN_DONE Thu Jun 25 01:37:30 MDT 2026
output_counts:
34
output/03_model_biology/01_gtex/03_rf_true_labels/03_global_alignment/top1/gtex_global_alignment_summary.csv
output/03_model_biology/01_gtex/03_rf_true_labels/04_tissue_cellmarker_validation/cellmarker_ora_per_lv.csv
output/03_model_biology/01_gtex/03_rf_true_labels/04_tissue_cellmarker_validation/cumulative25/cellmarker_global_alignment_detail.csv
output/03_model_biology/01_gtex/03_rf_true_labels/04_tissue_cellmarker_validation/cumulative25/cellmarker_global_alignment_final_pct.csv
output/03_model_biology/01_gtex/03_rf_true_labels/04_tissue_cellmarker_validation/cumulative25/cellmarker_global_alignment_per_lv_pct.csv
output/03_model_biology/01_gtex/03_rf_true_labels/04_tissue_cellmarker_validation/cumulative25/cellmarker_global_alignment_summary.csv
output/03_model_biology/01_gtex/03_rf_true_labels/04_tissue_cellmarker_validation/top1/cellmarker_global_alignment_detail.csv
output/03_model_biology/01_gtex/03_rf_true_labels/04_tissue_cellmarker_validation/top1/cellmarker_global_alignment_final_pct.csv
output/03_model_biology/01_gtex/03_rf_true_labels/04_tissue_cellmarker_validation/top1/cellmarker_global_alignment_summary.csv
output/03_model_biology/01_gtex/03_rf_true_labels/05_tissue_validation_multi_resource/c8_ora_per_lv.csv
output/03_model_biology/01_gtex/03_rf_true_labels/05_tissue_validation_multi_resource/c8_term_tissue_assignment.csv
output/03_model_biology/01_gtex/03_rf_true_labels/05_tissue_validation_multi_resource/cellmarker_lv_significant_pathways_cumulative25.csv
output/03_model_biology/01_gtex/03_rf_true_labels/05_tissue_validation_multi_resource/cellmarker_lv_significant_pathways_top1.csv
output/03_model_biology/01_gtex/03_rf_true_labels/05_tissue_validation_multi_resource/cellmarker_ora_per_lv.csv
output/03_model_biology/01_gtex/03_rf_true_labels/05_tissue_validation_multi_resource/cellmarker_term_tissue_assignment.csv
output/03_model_biology/01_gtex/03_rf_true_labels/05_tissue_validation_multi_resource/combined_final_summary.csv
output/03_model_biology/01_gtex/03_rf_true_labels/05_tissue_validation_multi_resource/combined_tissue_table_cumulative25.csv
output/03_model_biology/01_gtex/03_rf_true_labels/05_tissue_validation_multi_resource/combined_tissue_table_top1.csv
output/03_model_biology/01_gtex/03_rf_true_labels/05_tissue_validation_multi_resource/panglaodb_ora_per_lv.csv
output/03_model_biology/01_gtex/03_rf_true_labels/05_tissue_validation_multi_resource/panglaodb_term_tissue_assignment.csv

===== STATUS Thu Jun 25 06:52:10 MDT 2026 =====
runner_pid=3366595
runner=NOT_RUNNING
processes:
log_markers:
===== START nbs/03_model_biology/01_gtex/03_rf_true_labels/00_LV_importance_true_labels.ipynb Wed Jun 24 14:50:43 MDT 2026 =====
===== END nbs/03_model_biology/01_gtex/03_rf_true_labels/00_LV_importance_true_labels.ipynb status=0 Thu Jun 25 01:34:09 MDT 2026 =====
===== START nbs/03_model_biology/01_gtex/03_rf_true_labels/01_LV_importance_true_labels_biology.ipynb Thu Jun 25 01:34:09 MDT 2026 =====
===== END nbs/03_model_biology/01_gtex/03_rf_true_labels/01_LV_importance_true_labels_biology.ipynb status=0 Thu Jun 25 01:34:32 MDT 2026 =====
===== START nbs/03_model_biology/01_gtex/03_rf_true_labels/02_LV_importance_true_labels_tissue.ipynb Thu Jun 25 01:34:32 MDT 2026 =====
===== END nbs/03_model_biology/01_gtex/03_rf_true_labels/02_LV_importance_true_labels_tissue.ipynb status=0 Thu Jun 25 01:35:55 MDT 2026 =====
===== START nbs/03_model_biology/01_gtex/03_rf_true_labels/03_global_alignment.ipynb Thu Jun 25 01:35:55 MDT 2026 =====
===== END nbs/03_model_biology/01_gtex/03_rf_true_labels/03_global_alignment.ipynb status=0 Thu Jun 25 01:36:16 MDT 2026 =====
===== START nbs/03_model_biology/01_gtex/03_rf_true_labels/04_tissue_cellmarker_validation.ipynb Thu Jun 25 01:36:16 MDT 2026 =====
===== END nbs/03_model_biology/01_gtex/03_rf_true_labels/04_tissue_cellmarker_validation.ipynb status=0 Thu Jun 25 01:36:36 MDT 2026 =====
===== START nbs/03_model_biology/01_gtex/03_rf_true_labels/05_tissue_validation_multi_resource.ipynb Thu Jun 25 01:36:36 MDT 2026 =====
===== END nbs/03_model_biology/01_gtex/03_rf_true_labels/05_tissue_validation_multi_resource.ipynb status=0 Thu Jun 25 01:37:30 MDT 2026 =====
RUN_DONE Thu Jun 25 01:37:30 MDT 2026
output_counts:
34
output/03_model_biology/01_gtex/03_rf_true_labels/03_global_alignment/top1/gtex_global_alignment_summary.csv
output/03_model_biology/01_gtex/03_rf_true_labels/04_tissue_cellmarker_validation/cellmarker_ora_per_lv.csv
output/03_model_biology/01_gtex/03_rf_true_labels/04_tissue_cellmarker_validation/cumulative25/cellmarker_global_alignment_detail.csv
output/03_model_biology/01_gtex/03_rf_true_labels/04_tissue_cellmarker_validation/cumulative25/cellmarker_global_alignment_final_pct.csv
output/03_model_biology/01_gtex/03_rf_true_labels/04_tissue_cellmarker_validation/cumulative25/cellmarker_global_alignment_per_lv_pct.csv
output/03_model_biology/01_gtex/03_rf_true_labels/04_tissue_cellmarker_validation/cumulative25/cellmarker_global_alignment_summary.csv
output/03_model_biology/01_gtex/03_rf_true_labels/04_tissue_cellmarker_validation/top1/cellmarker_global_alignment_detail.csv
output/03_model_biology/01_gtex/03_rf_true_labels/04_tissue_cellmarker_validation/top1/cellmarker_global_alignment_final_pct.csv
output/03_model_biology/01_gtex/03_rf_true_labels/04_tissue_cellmarker_validation/top1/cellmarker_global_alignment_summary.csv
output/03_model_biology/01_gtex/03_rf_true_labels/05_tissue_validation_multi_resource/c8_ora_per_lv.csv
output/03_model_biology/01_gtex/03_rf_true_labels/05_tissue_validation_multi_resource/c8_term_tissue_assignment.csv
output/03_model_biology/01_gtex/03_rf_true_labels/05_tissue_validation_multi_resource/cellmarker_lv_significant_pathways_cumulative25.csv
output/03_model_biology/01_gtex/03_rf_true_labels/05_tissue_validation_multi_resource/cellmarker_lv_significant_pathways_top1.csv
output/03_model_biology/01_gtex/03_rf_true_labels/05_tissue_validation_multi_resource/cellmarker_ora_per_lv.csv
output/03_model_biology/01_gtex/03_rf_true_labels/05_tissue_validation_multi_resource/cellmarker_term_tissue_assignment.csv
output/03_model_biology/01_gtex/03_rf_true_labels/05_tissue_validation_multi_resource/combined_final_summary.csv
output/03_model_biology/01_gtex/03_rf_true_labels/05_tissue_validation_multi_resource/combined_tissue_table_cumulative25.csv
output/03_model_biology/01_gtex/03_rf_true_labels/05_tissue_validation_multi_resource/combined_tissue_table_top1.csv
output/03_model_biology/01_gtex/03_rf_true_labels/05_tissue_validation_multi_resource/panglaodb_ora_per_lv.csv
output/03_model_biology/01_gtex/03_rf_true_labels/05_tissue_validation_multi_resource/panglaodb_term_tissue_assignment.csv

===== STATUS Thu Jun 25 07:22:10 MDT 2026 =====
runner_pid=3366595
runner=NOT_RUNNING
processes:
log_markers:
===== START nbs/03_model_biology/01_gtex/03_rf_true_labels/00_LV_importance_true_labels.ipynb Wed Jun 24 14:50:43 MDT 2026 =====
===== END nbs/03_model_biology/01_gtex/03_rf_true_labels/00_LV_importance_true_labels.ipynb status=0 Thu Jun 25 01:34:09 MDT 2026 =====
===== START nbs/03_model_biology/01_gtex/03_rf_true_labels/01_LV_importance_true_labels_biology.ipynb Thu Jun 25 01:34:09 MDT 2026 =====
===== END nbs/03_model_biology/01_gtex/03_rf_true_labels/01_LV_importance_true_labels_biology.ipynb status=0 Thu Jun 25 01:34:32 MDT 2026 =====
===== START nbs/03_model_biology/01_gtex/03_rf_true_labels/02_LV_importance_true_labels_tissue.ipynb Thu Jun 25 01:34:32 MDT 2026 =====
===== END nbs/03_model_biology/01_gtex/03_rf_true_labels/02_LV_importance_true_labels_tissue.ipynb status=0 Thu Jun 25 01:35:55 MDT 2026 =====
===== START nbs/03_model_biology/01_gtex/03_rf_true_labels/03_global_alignment.ipynb Thu Jun 25 01:35:55 MDT 2026 =====
===== END nbs/03_model_biology/01_gtex/03_rf_true_labels/03_global_alignment.ipynb status=0 Thu Jun 25 01:36:16 MDT 2026 =====
===== START nbs/03_model_biology/01_gtex/03_rf_true_labels/04_tissue_cellmarker_validation.ipynb Thu Jun 25 01:36:16 MDT 2026 =====
===== END nbs/03_model_biology/01_gtex/03_rf_true_labels/04_tissue_cellmarker_validation.ipynb status=0 Thu Jun 25 01:36:36 MDT 2026 =====
===== START nbs/03_model_biology/01_gtex/03_rf_true_labels/05_tissue_validation_multi_resource.ipynb Thu Jun 25 01:36:36 MDT 2026 =====
===== END nbs/03_model_biology/01_gtex/03_rf_true_labels/05_tissue_validation_multi_resource.ipynb status=0 Thu Jun 25 01:37:30 MDT 2026 =====
RUN_DONE Thu Jun 25 01:37:30 MDT 2026
output_counts:
34
output/03_model_biology/01_gtex/03_rf_true_labels/03_global_alignment/top1/gtex_global_alignment_summary.csv
output/03_model_biology/01_gtex/03_rf_true_labels/04_tissue_cellmarker_validation/cellmarker_ora_per_lv.csv
output/03_model_biology/01_gtex/03_rf_true_labels/04_tissue_cellmarker_validation/cumulative25/cellmarker_global_alignment_detail.csv
output/03_model_biology/01_gtex/03_rf_true_labels/04_tissue_cellmarker_validation/cumulative25/cellmarker_global_alignment_final_pct.csv
output/03_model_biology/01_gtex/03_rf_true_labels/04_tissue_cellmarker_validation/cumulative25/cellmarker_global_alignment_per_lv_pct.csv
output/03_model_biology/01_gtex/03_rf_true_labels/04_tissue_cellmarker_validation/cumulative25/cellmarker_global_alignment_summary.csv
output/03_model_biology/01_gtex/03_rf_true_labels/04_tissue_cellmarker_validation/top1/cellmarker_global_alignment_detail.csv
output/03_model_biology/01_gtex/03_rf_true_labels/04_tissue_cellmarker_validation/top1/cellmarker_global_alignment_final_pct.csv
output/03_model_biology/01_gtex/03_rf_true_labels/04_tissue_cellmarker_validation/top1/cellmarker_global_alignment_summary.csv
output/03_model_biology/01_gtex/03_rf_true_labels/05_tissue_validation_multi_resource/c8_ora_per_lv.csv
output/03_model_biology/01_gtex/03_rf_true_labels/05_tissue_validation_multi_resource/c8_term_tissue_assignment.csv
output/03_model_biology/01_gtex/03_rf_true_labels/05_tissue_validation_multi_resource/cellmarker_lv_significant_pathways_cumulative25.csv
output/03_model_biology/01_gtex/03_rf_true_labels/05_tissue_validation_multi_resource/cellmarker_lv_significant_pathways_top1.csv
output/03_model_biology/01_gtex/03_rf_true_labels/05_tissue_validation_multi_resource/cellmarker_ora_per_lv.csv
output/03_model_biology/01_gtex/03_rf_true_labels/05_tissue_validation_multi_resource/cellmarker_term_tissue_assignment.csv
output/03_model_biology/01_gtex/03_rf_true_labels/05_tissue_validation_multi_resource/combined_final_summary.csv
output/03_model_biology/01_gtex/03_rf_true_labels/05_tissue_validation_multi_resource/combined_tissue_table_cumulative25.csv
output/03_model_biology/01_gtex/03_rf_true_labels/05_tissue_validation_multi_resource/combined_tissue_table_top1.csv
output/03_model_biology/01_gtex/03_rf_true_labels/05_tissue_validation_multi_resource/panglaodb_ora_per_lv.csv
output/03_model_biology/01_gtex/03_rf_true_labels/05_tissue_validation_multi_resource/panglaodb_term_tissue_assignment.csv

===== STATUS Thu Jun 25 07:52:10 MDT 2026 =====
runner_pid=3366595
runner=NOT_RUNNING
processes:
log_markers:
===== START nbs/03_model_biology/01_gtex/03_rf_true_labels/00_LV_importance_true_labels.ipynb Wed Jun 24 14:50:43 MDT 2026 =====
===== END nbs/03_model_biology/01_gtex/03_rf_true_labels/00_LV_importance_true_labels.ipynb status=0 Thu Jun 25 01:34:09 MDT 2026 =====
===== START nbs/03_model_biology/01_gtex/03_rf_true_labels/01_LV_importance_true_labels_biology.ipynb Thu Jun 25 01:34:09 MDT 2026 =====
===== END nbs/03_model_biology/01_gtex/03_rf_true_labels/01_LV_importance_true_labels_biology.ipynb status=0 Thu Jun 25 01:34:32 MDT 2026 =====
===== START nbs/03_model_biology/01_gtex/03_rf_true_labels/02_LV_importance_true_labels_tissue.ipynb Thu Jun 25 01:34:32 MDT 2026 =====
===== END nbs/03_model_biology/01_gtex/03_rf_true_labels/02_LV_importance_true_labels_tissue.ipynb status=0 Thu Jun 25 01:35:55 MDT 2026 =====
===== START nbs/03_model_biology/01_gtex/03_rf_true_labels/03_global_alignment.ipynb Thu Jun 25 01:35:55 MDT 2026 =====
===== END nbs/03_model_biology/01_gtex/03_rf_true_labels/03_global_alignment.ipynb status=0 Thu Jun 25 01:36:16 MDT 2026 =====
===== START nbs/03_model_biology/01_gtex/03_rf_true_labels/04_tissue_cellmarker_validation.ipynb Thu Jun 25 01:36:16 MDT 2026 =====
===== END nbs/03_model_biology/01_gtex/03_rf_true_labels/04_tissue_cellmarker_validation.ipynb status=0 Thu Jun 25 01:36:36 MDT 2026 =====
===== START nbs/03_model_biology/01_gtex/03_rf_true_labels/05_tissue_validation_multi_resource.ipynb Thu Jun 25 01:36:36 MDT 2026 =====
===== END nbs/03_model_biology/01_gtex/03_rf_true_labels/05_tissue_validation_multi_resource.ipynb status=0 Thu Jun 25 01:37:30 MDT 2026 =====
RUN_DONE Thu Jun 25 01:37:30 MDT 2026
output_counts:
34
output/03_model_biology/01_gtex/03_rf_true_labels/03_global_alignment/top1/gtex_global_alignment_summary.csv
output/03_model_biology/01_gtex/03_rf_true_labels/04_tissue_cellmarker_validation/cellmarker_ora_per_lv.csv
output/03_model_biology/01_gtex/03_rf_true_labels/04_tissue_cellmarker_validation/cumulative25/cellmarker_global_alignment_detail.csv
output/03_model_biology/01_gtex/03_rf_true_labels/04_tissue_cellmarker_validation/cumulative25/cellmarker_global_alignment_final_pct.csv
output/03_model_biology/01_gtex/03_rf_true_labels/04_tissue_cellmarker_validation/cumulative25/cellmarker_global_alignment_per_lv_pct.csv
output/03_model_biology/01_gtex/03_rf_true_labels/04_tissue_cellmarker_validation/cumulative25/cellmarker_global_alignment_summary.csv
output/03_model_biology/01_gtex/03_rf_true_labels/04_tissue_cellmarker_validation/top1/cellmarker_global_alignment_detail.csv
output/03_model_biology/01_gtex/03_rf_true_labels/04_tissue_cellmarker_validation/top1/cellmarker_global_alignment_final_pct.csv
output/03_model_biology/01_gtex/03_rf_true_labels/04_tissue_cellmarker_validation/top1/cellmarker_global_alignment_summary.csv
output/03_model_biology/01_gtex/03_rf_true_labels/05_tissue_validation_multi_resource/c8_ora_per_lv.csv
output/03_model_biology/01_gtex/03_rf_true_labels/05_tissue_validation_multi_resource/c8_term_tissue_assignment.csv
output/03_model_biology/01_gtex/03_rf_true_labels/05_tissue_validation_multi_resource/cellmarker_lv_significant_pathways_cumulative25.csv
output/03_model_biology/01_gtex/03_rf_true_labels/05_tissue_validation_multi_resource/cellmarker_lv_significant_pathways_top1.csv
output/03_model_biology/01_gtex/03_rf_true_labels/05_tissue_validation_multi_resource/cellmarker_ora_per_lv.csv
output/03_model_biology/01_gtex/03_rf_true_labels/05_tissue_validation_multi_resource/cellmarker_term_tissue_assignment.csv
output/03_model_biology/01_gtex/03_rf_true_labels/05_tissue_validation_multi_resource/combined_final_summary.csv
output/03_model_biology/01_gtex/03_rf_true_labels/05_tissue_validation_multi_resource/combined_tissue_table_cumulative25.csv
output/03_model_biology/01_gtex/03_rf_true_labels/05_tissue_validation_multi_resource/combined_tissue_table_top1.csv
output/03_model_biology/01_gtex/03_rf_true_labels/05_tissue_validation_multi_resource/panglaodb_ora_per_lv.csv
output/03_model_biology/01_gtex/03_rf_true_labels/05_tissue_validation_multi_resource/panglaodb_term_tissue_assignment.csv

===== STATUS Thu Jun 25 08:22:10 MDT 2026 =====
runner_pid=3366595
runner=NOT_RUNNING
processes:
log_markers:
===== START nbs/03_model_biology/01_gtex/03_rf_true_labels/00_LV_importance_true_labels.ipynb Wed Jun 24 14:50:43 MDT 2026 =====
===== END nbs/03_model_biology/01_gtex/03_rf_true_labels/00_LV_importance_true_labels.ipynb status=0 Thu Jun 25 01:34:09 MDT 2026 =====
===== START nbs/03_model_biology/01_gtex/03_rf_true_labels/01_LV_importance_true_labels_biology.ipynb Thu Jun 25 01:34:09 MDT 2026 =====
===== END nbs/03_model_biology/01_gtex/03_rf_true_labels/01_LV_importance_true_labels_biology.ipynb status=0 Thu Jun 25 01:34:32 MDT 2026 =====
===== START nbs/03_model_biology/01_gtex/03_rf_true_labels/02_LV_importance_true_labels_tissue.ipynb Thu Jun 25 01:34:32 MDT 2026 =====
===== END nbs/03_model_biology/01_gtex/03_rf_true_labels/02_LV_importance_true_labels_tissue.ipynb status=0 Thu Jun 25 01:35:55 MDT 2026 =====
===== START nbs/03_model_biology/01_gtex/03_rf_true_labels/03_global_alignment.ipynb Thu Jun 25 01:35:55 MDT 2026 =====
===== END nbs/03_model_biology/01_gtex/03_rf_true_labels/03_global_alignment.ipynb status=0 Thu Jun 25 01:36:16 MDT 2026 =====
===== START nbs/03_model_biology/01_gtex/03_rf_true_labels/04_tissue_cellmarker_validation.ipynb Thu Jun 25 01:36:16 MDT 2026 =====
===== END nbs/03_model_biology/01_gtex/03_rf_true_labels/04_tissue_cellmarker_validation.ipynb status=0 Thu Jun 25 01:36:36 MDT 2026 =====
===== START nbs/03_model_biology/01_gtex/03_rf_true_labels/05_tissue_validation_multi_resource.ipynb Thu Jun 25 01:36:36 MDT 2026 =====
===== END nbs/03_model_biology/01_gtex/03_rf_true_labels/05_tissue_validation_multi_resource.ipynb status=0 Thu Jun 25 01:37:30 MDT 2026 =====
RUN_DONE Thu Jun 25 01:37:30 MDT 2026
output_counts:
34
output/03_model_biology/01_gtex/03_rf_true_labels/03_global_alignment/top1/gtex_global_alignment_summary.csv
output/03_model_biology/01_gtex/03_rf_true_labels/04_tissue_cellmarker_validation/cellmarker_ora_per_lv.csv
output/03_model_biology/01_gtex/03_rf_true_labels/04_tissue_cellmarker_validation/cumulative25/cellmarker_global_alignment_detail.csv
output/03_model_biology/01_gtex/03_rf_true_labels/04_tissue_cellmarker_validation/cumulative25/cellmarker_global_alignment_final_pct.csv
output/03_model_biology/01_gtex/03_rf_true_labels/04_tissue_cellmarker_validation/cumulative25/cellmarker_global_alignment_per_lv_pct.csv
output/03_model_biology/01_gtex/03_rf_true_labels/04_tissue_cellmarker_validation/cumulative25/cellmarker_global_alignment_summary.csv
output/03_model_biology/01_gtex/03_rf_true_labels/04_tissue_cellmarker_validation/top1/cellmarker_global_alignment_detail.csv
output/03_model_biology/01_gtex/03_rf_true_labels/04_tissue_cellmarker_validation/top1/cellmarker_global_alignment_final_pct.csv
output/03_model_biology/01_gtex/03_rf_true_labels/04_tissue_cellmarker_validation/top1/cellmarker_global_alignment_summary.csv
output/03_model_biology/01_gtex/03_rf_true_labels/05_tissue_validation_multi_resource/c8_ora_per_lv.csv
output/03_model_biology/01_gtex/03_rf_true_labels/05_tissue_validation_multi_resource/c8_term_tissue_assignment.csv
output/03_model_biology/01_gtex/03_rf_true_labels/05_tissue_validation_multi_resource/cellmarker_lv_significant_pathways_cumulative25.csv
output/03_model_biology/01_gtex/03_rf_true_labels/05_tissue_validation_multi_resource/cellmarker_lv_significant_pathways_top1.csv
output/03_model_biology/01_gtex/03_rf_true_labels/05_tissue_validation_multi_resource/cellmarker_ora_per_lv.csv
output/03_model_biology/01_gtex/03_rf_true_labels/05_tissue_validation_multi_resource/cellmarker_term_tissue_assignment.csv
output/03_model_biology/01_gtex/03_rf_true_labels/05_tissue_validation_multi_resource/combined_final_summary.csv
output/03_model_biology/01_gtex/03_rf_true_labels/05_tissue_validation_multi_resource/combined_tissue_table_cumulative25.csv
output/03_model_biology/01_gtex/03_rf_true_labels/05_tissue_validation_multi_resource/combined_tissue_table_top1.csv
output/03_model_biology/01_gtex/03_rf_true_labels/05_tissue_validation_multi_resource/panglaodb_ora_per_lv.csv
output/03_model_biology/01_gtex/03_rf_true_labels/05_tissue_validation_multi_resource/panglaodb_term_tissue_assignment.csv

===== STATUS Thu Jun 25 08:52:11 MDT 2026 =====
runner_pid=3366595
runner=NOT_RUNNING
processes:
log_markers:
===== START nbs/03_model_biology/01_gtex/03_rf_true_labels/00_LV_importance_true_labels.ipynb Wed Jun 24 14:50:43 MDT 2026 =====
===== END nbs/03_model_biology/01_gtex/03_rf_true_labels/00_LV_importance_true_labels.ipynb status=0 Thu Jun 25 01:34:09 MDT 2026 =====
===== START nbs/03_model_biology/01_gtex/03_rf_true_labels/01_LV_importance_true_labels_biology.ipynb Thu Jun 25 01:34:09 MDT 2026 =====
===== END nbs/03_model_biology/01_gtex/03_rf_true_labels/01_LV_importance_true_labels_biology.ipynb status=0 Thu Jun 25 01:34:32 MDT 2026 =====
===== START nbs/03_model_biology/01_gtex/03_rf_true_labels/02_LV_importance_true_labels_tissue.ipynb Thu Jun 25 01:34:32 MDT 2026 =====
===== END nbs/03_model_biology/01_gtex/03_rf_true_labels/02_LV_importance_true_labels_tissue.ipynb status=0 Thu Jun 25 01:35:55 MDT 2026 =====
===== START nbs/03_model_biology/01_gtex/03_rf_true_labels/03_global_alignment.ipynb Thu Jun 25 01:35:55 MDT 2026 =====
===== END nbs/03_model_biology/01_gtex/03_rf_true_labels/03_global_alignment.ipynb status=0 Thu Jun 25 01:36:16 MDT 2026 =====
===== START nbs/03_model_biology/01_gtex/03_rf_true_labels/04_tissue_cellmarker_validation.ipynb Thu Jun 25 01:36:16 MDT 2026 =====
===== END nbs/03_model_biology/01_gtex/03_rf_true_labels/04_tissue_cellmarker_validation.ipynb status=0 Thu Jun 25 01:36:36 MDT 2026 =====
===== START nbs/03_model_biology/01_gtex/03_rf_true_labels/05_tissue_validation_multi_resource.ipynb Thu Jun 25 01:36:36 MDT 2026 =====
===== END nbs/03_model_biology/01_gtex/03_rf_true_labels/05_tissue_validation_multi_resource.ipynb status=0 Thu Jun 25 01:37:30 MDT 2026 =====
RUN_DONE Thu Jun 25 01:37:30 MDT 2026
output_counts:
34
output/03_model_biology/01_gtex/03_rf_true_labels/03_global_alignment/top1/gtex_global_alignment_summary.csv
output/03_model_biology/01_gtex/03_rf_true_labels/04_tissue_cellmarker_validation/cellmarker_ora_per_lv.csv
output/03_model_biology/01_gtex/03_rf_true_labels/04_tissue_cellmarker_validation/cumulative25/cellmarker_global_alignment_detail.csv
output/03_model_biology/01_gtex/03_rf_true_labels/04_tissue_cellmarker_validation/cumulative25/cellmarker_global_alignment_final_pct.csv
output/03_model_biology/01_gtex/03_rf_true_labels/04_tissue_cellmarker_validation/cumulative25/cellmarker_global_alignment_per_lv_pct.csv
output/03_model_biology/01_gtex/03_rf_true_labels/04_tissue_cellmarker_validation/cumulative25/cellmarker_global_alignment_summary.csv
output/03_model_biology/01_gtex/03_rf_true_labels/04_tissue_cellmarker_validation/top1/cellmarker_global_alignment_detail.csv
output/03_model_biology/01_gtex/03_rf_true_labels/04_tissue_cellmarker_validation/top1/cellmarker_global_alignment_final_pct.csv
output/03_model_biology/01_gtex/03_rf_true_labels/04_tissue_cellmarker_validation/top1/cellmarker_global_alignment_summary.csv
output/03_model_biology/01_gtex/03_rf_true_labels/05_tissue_validation_multi_resource/c8_ora_per_lv.csv
output/03_model_biology/01_gtex/03_rf_true_labels/05_tissue_validation_multi_resource/c8_term_tissue_assignment.csv
output/03_model_biology/01_gtex/03_rf_true_labels/05_tissue_validation_multi_resource/cellmarker_lv_significant_pathways_cumulative25.csv
output/03_model_biology/01_gtex/03_rf_true_labels/05_tissue_validation_multi_resource/cellmarker_lv_significant_pathways_top1.csv
output/03_model_biology/01_gtex/03_rf_true_labels/05_tissue_validation_multi_resource/cellmarker_ora_per_lv.csv
output/03_model_biology/01_gtex/03_rf_true_labels/05_tissue_validation_multi_resource/cellmarker_term_tissue_assignment.csv
output/03_model_biology/01_gtex/03_rf_true_labels/05_tissue_validation_multi_resource/combined_final_summary.csv
output/03_model_biology/01_gtex/03_rf_true_labels/05_tissue_validation_multi_resource/combined_tissue_table_cumulative25.csv
output/03_model_biology/01_gtex/03_rf_true_labels/05_tissue_validation_multi_resource/combined_tissue_table_top1.csv
output/03_model_biology/01_gtex/03_rf_true_labels/05_tissue_validation_multi_resource/panglaodb_ora_per_lv.csv
output/03_model_biology/01_gtex/03_rf_true_labels/05_tissue_validation_multi_resource/panglaodb_term_tissue_assignment.csv

===== STATUS Thu Jun 25 09:22:11 MDT 2026 =====
runner_pid=3366595
runner=NOT_RUNNING
processes:
log_markers:
===== START nbs/03_model_biology/01_gtex/03_rf_true_labels/00_LV_importance_true_labels.ipynb Wed Jun 24 14:50:43 MDT 2026 =====
===== END nbs/03_model_biology/01_gtex/03_rf_true_labels/00_LV_importance_true_labels.ipynb status=0 Thu Jun 25 01:34:09 MDT 2026 =====
===== START nbs/03_model_biology/01_gtex/03_rf_true_labels/01_LV_importance_true_labels_biology.ipynb Thu Jun 25 01:34:09 MDT 2026 =====
===== END nbs/03_model_biology/01_gtex/03_rf_true_labels/01_LV_importance_true_labels_biology.ipynb status=0 Thu Jun 25 01:34:32 MDT 2026 =====
===== START nbs/03_model_biology/01_gtex/03_rf_true_labels/02_LV_importance_true_labels_tissue.ipynb Thu Jun 25 01:34:32 MDT 2026 =====
===== END nbs/03_model_biology/01_gtex/03_rf_true_labels/02_LV_importance_true_labels_tissue.ipynb status=0 Thu Jun 25 01:35:55 MDT 2026 =====
===== START nbs/03_model_biology/01_gtex/03_rf_true_labels/03_global_alignment.ipynb Thu Jun 25 01:35:55 MDT 2026 =====
===== END nbs/03_model_biology/01_gtex/03_rf_true_labels/03_global_alignment.ipynb status=0 Thu Jun 25 01:36:16 MDT 2026 =====
===== START nbs/03_model_biology/01_gtex/03_rf_true_labels/04_tissue_cellmarker_validation.ipynb Thu Jun 25 01:36:16 MDT 2026 =====
===== END nbs/03_model_biology/01_gtex/03_rf_true_labels/04_tissue_cellmarker_validation.ipynb status=0 Thu Jun 25 01:36:36 MDT 2026 =====
===== START nbs/03_model_biology/01_gtex/03_rf_true_labels/05_tissue_validation_multi_resource.ipynb Thu Jun 25 01:36:36 MDT 2026 =====
===== END nbs/03_model_biology/01_gtex/03_rf_true_labels/05_tissue_validation_multi_resource.ipynb status=0 Thu Jun 25 01:37:30 MDT 2026 =====
RUN_DONE Thu Jun 25 01:37:30 MDT 2026
output_counts:
34
output/03_model_biology/01_gtex/03_rf_true_labels/03_global_alignment/top1/gtex_global_alignment_summary.csv
output/03_model_biology/01_gtex/03_rf_true_labels/04_tissue_cellmarker_validation/cellmarker_ora_per_lv.csv
output/03_model_biology/01_gtex/03_rf_true_labels/04_tissue_cellmarker_validation/cumulative25/cellmarker_global_alignment_detail.csv
output/03_model_biology/01_gtex/03_rf_true_labels/04_tissue_cellmarker_validation/cumulative25/cellmarker_global_alignment_final_pct.csv
output/03_model_biology/01_gtex/03_rf_true_labels/04_tissue_cellmarker_validation/cumulative25/cellmarker_global_alignment_per_lv_pct.csv
output/03_model_biology/01_gtex/03_rf_true_labels/04_tissue_cellmarker_validation/cumulative25/cellmarker_global_alignment_summary.csv
output/03_model_biology/01_gtex/03_rf_true_labels/04_tissue_cellmarker_validation/top1/cellmarker_global_alignment_detail.csv
output/03_model_biology/01_gtex/03_rf_true_labels/04_tissue_cellmarker_validation/top1/cellmarker_global_alignment_final_pct.csv
output/03_model_biology/01_gtex/03_rf_true_labels/04_tissue_cellmarker_validation/top1/cellmarker_global_alignment_summary.csv
output/03_model_biology/01_gtex/03_rf_true_labels/05_tissue_validation_multi_resource/c8_ora_per_lv.csv
output/03_model_biology/01_gtex/03_rf_true_labels/05_tissue_validation_multi_resource/c8_term_tissue_assignment.csv
output/03_model_biology/01_gtex/03_rf_true_labels/05_tissue_validation_multi_resource/cellmarker_lv_significant_pathways_cumulative25.csv
output/03_model_biology/01_gtex/03_rf_true_labels/05_tissue_validation_multi_resource/cellmarker_lv_significant_pathways_top1.csv
output/03_model_biology/01_gtex/03_rf_true_labels/05_tissue_validation_multi_resource/cellmarker_ora_per_lv.csv
output/03_model_biology/01_gtex/03_rf_true_labels/05_tissue_validation_multi_resource/cellmarker_term_tissue_assignment.csv
output/03_model_biology/01_gtex/03_rf_true_labels/05_tissue_validation_multi_resource/combined_final_summary.csv
output/03_model_biology/01_gtex/03_rf_true_labels/05_tissue_validation_multi_resource/combined_tissue_table_cumulative25.csv
output/03_model_biology/01_gtex/03_rf_true_labels/05_tissue_validation_multi_resource/combined_tissue_table_top1.csv
output/03_model_biology/01_gtex/03_rf_true_labels/05_tissue_validation_multi_resource/panglaodb_ora_per_lv.csv
output/03_model_biology/01_gtex/03_rf_true_labels/05_tissue_validation_multi_resource/panglaodb_term_tissue_assignment.csv

===== STATUS Thu Jun 25 09:52:11 MDT 2026 =====
runner_pid=3366595
runner=NOT_RUNNING
processes:
log_markers:
===== START nbs/03_model_biology/01_gtex/03_rf_true_labels/00_LV_importance_true_labels.ipynb Wed Jun 24 14:50:43 MDT 2026 =====
===== END nbs/03_model_biology/01_gtex/03_rf_true_labels/00_LV_importance_true_labels.ipynb status=0 Thu Jun 25 01:34:09 MDT 2026 =====
===== START nbs/03_model_biology/01_gtex/03_rf_true_labels/01_LV_importance_true_labels_biology.ipynb Thu Jun 25 01:34:09 MDT 2026 =====
===== END nbs/03_model_biology/01_gtex/03_rf_true_labels/01_LV_importance_true_labels_biology.ipynb status=0 Thu Jun 25 01:34:32 MDT 2026 =====
===== START nbs/03_model_biology/01_gtex/03_rf_true_labels/02_LV_importance_true_labels_tissue.ipynb Thu Jun 25 01:34:32 MDT 2026 =====
===== END nbs/03_model_biology/01_gtex/03_rf_true_labels/02_LV_importance_true_labels_tissue.ipynb status=0 Thu Jun 25 01:35:55 MDT 2026 =====
===== START nbs/03_model_biology/01_gtex/03_rf_true_labels/03_global_alignment.ipynb Thu Jun 25 01:35:55 MDT 2026 =====
===== END nbs/03_model_biology/01_gtex/03_rf_true_labels/03_global_alignment.ipynb status=0 Thu Jun 25 01:36:16 MDT 2026 =====
===== START nbs/03_model_biology/01_gtex/03_rf_true_labels/04_tissue_cellmarker_validation.ipynb Thu Jun 25 01:36:16 MDT 2026 =====
===== END nbs/03_model_biology/01_gtex/03_rf_true_labels/04_tissue_cellmarker_validation.ipynb status=0 Thu Jun 25 01:36:36 MDT 2026 =====
===== START nbs/03_model_biology/01_gtex/03_rf_true_labels/05_tissue_validation_multi_resource.ipynb Thu Jun 25 01:36:36 MDT 2026 =====
===== END nbs/03_model_biology/01_gtex/03_rf_true_labels/05_tissue_validation_multi_resource.ipynb status=0 Thu Jun 25 01:37:30 MDT 2026 =====
RUN_DONE Thu Jun 25 01:37:30 MDT 2026
output_counts:
34
output/03_model_biology/01_gtex/03_rf_true_labels/03_global_alignment/top1/gtex_global_alignment_summary.csv
output/03_model_biology/01_gtex/03_rf_true_labels/04_tissue_cellmarker_validation/cellmarker_ora_per_lv.csv
output/03_model_biology/01_gtex/03_rf_true_labels/04_tissue_cellmarker_validation/cumulative25/cellmarker_global_alignment_detail.csv
output/03_model_biology/01_gtex/03_rf_true_labels/04_tissue_cellmarker_validation/cumulative25/cellmarker_global_alignment_final_pct.csv
output/03_model_biology/01_gtex/03_rf_true_labels/04_tissue_cellmarker_validation/cumulative25/cellmarker_global_alignment_per_lv_pct.csv
output/03_model_biology/01_gtex/03_rf_true_labels/04_tissue_cellmarker_validation/cumulative25/cellmarker_global_alignment_summary.csv
output/03_model_biology/01_gtex/03_rf_true_labels/04_tissue_cellmarker_validation/top1/cellmarker_global_alignment_detail.csv
output/03_model_biology/01_gtex/03_rf_true_labels/04_tissue_cellmarker_validation/top1/cellmarker_global_alignment_final_pct.csv
output/03_model_biology/01_gtex/03_rf_true_labels/04_tissue_cellmarker_validation/top1/cellmarker_global_alignment_summary.csv
output/03_model_biology/01_gtex/03_rf_true_labels/05_tissue_validation_multi_resource/c8_ora_per_lv.csv
output/03_model_biology/01_gtex/03_rf_true_labels/05_tissue_validation_multi_resource/c8_term_tissue_assignment.csv
output/03_model_biology/01_gtex/03_rf_true_labels/05_tissue_validation_multi_resource/cellmarker_lv_significant_pathways_cumulative25.csv
output/03_model_biology/01_gtex/03_rf_true_labels/05_tissue_validation_multi_resource/cellmarker_lv_significant_pathways_top1.csv
output/03_model_biology/01_gtex/03_rf_true_labels/05_tissue_validation_multi_resource/cellmarker_ora_per_lv.csv
output/03_model_biology/01_gtex/03_rf_true_labels/05_tissue_validation_multi_resource/cellmarker_term_tissue_assignment.csv
output/03_model_biology/01_gtex/03_rf_true_labels/05_tissue_validation_multi_resource/combined_final_summary.csv
output/03_model_biology/01_gtex/03_rf_true_labels/05_tissue_validation_multi_resource/combined_tissue_table_cumulative25.csv
output/03_model_biology/01_gtex/03_rf_true_labels/05_tissue_validation_multi_resource/combined_tissue_table_top1.csv
output/03_model_biology/01_gtex/03_rf_true_labels/05_tissue_validation_multi_resource/panglaodb_ora_per_lv.csv
output/03_model_biology/01_gtex/03_rf_true_labels/05_tissue_validation_multi_resource/panglaodb_term_tissue_assignment.csv

===== STATUS Thu Jun 25 10:22:11 MDT 2026 =====
runner_pid=3366595
runner=NOT_RUNNING
processes:
log_markers:
===== START nbs/03_model_biology/01_gtex/03_rf_true_labels/00_LV_importance_true_labels.ipynb Wed Jun 24 14:50:43 MDT 2026 =====
===== END nbs/03_model_biology/01_gtex/03_rf_true_labels/00_LV_importance_true_labels.ipynb status=0 Thu Jun 25 01:34:09 MDT 2026 =====
===== START nbs/03_model_biology/01_gtex/03_rf_true_labels/01_LV_importance_true_labels_biology.ipynb Thu Jun 25 01:34:09 MDT 2026 =====
===== END nbs/03_model_biology/01_gtex/03_rf_true_labels/01_LV_importance_true_labels_biology.ipynb status=0 Thu Jun 25 01:34:32 MDT 2026 =====
===== START nbs/03_model_biology/01_gtex/03_rf_true_labels/02_LV_importance_true_labels_tissue.ipynb Thu Jun 25 01:34:32 MDT 2026 =====
===== END nbs/03_model_biology/01_gtex/03_rf_true_labels/02_LV_importance_true_labels_tissue.ipynb status=0 Thu Jun 25 01:35:55 MDT 2026 =====
===== START nbs/03_model_biology/01_gtex/03_rf_true_labels/03_global_alignment.ipynb Thu Jun 25 01:35:55 MDT 2026 =====
===== END nbs/03_model_biology/01_gtex/03_rf_true_labels/03_global_alignment.ipynb status=0 Thu Jun 25 01:36:16 MDT 2026 =====
===== START nbs/03_model_biology/01_gtex/03_rf_true_labels/04_tissue_cellmarker_validation.ipynb Thu Jun 25 01:36:16 MDT 2026 =====
===== END nbs/03_model_biology/01_gtex/03_rf_true_labels/04_tissue_cellmarker_validation.ipynb status=0 Thu Jun 25 01:36:36 MDT 2026 =====
===== START nbs/03_model_biology/01_gtex/03_rf_true_labels/05_tissue_validation_multi_resource.ipynb Thu Jun 25 01:36:36 MDT 2026 =====
===== END nbs/03_model_biology/01_gtex/03_rf_true_labels/05_tissue_validation_multi_resource.ipynb status=0 Thu Jun 25 01:37:30 MDT 2026 =====
RUN_DONE Thu Jun 25 01:37:30 MDT 2026
output_counts:
34
output/03_model_biology/01_gtex/03_rf_true_labels/03_global_alignment/top1/gtex_global_alignment_summary.csv
output/03_model_biology/01_gtex/03_rf_true_labels/04_tissue_cellmarker_validation/cellmarker_ora_per_lv.csv
output/03_model_biology/01_gtex/03_rf_true_labels/04_tissue_cellmarker_validation/cumulative25/cellmarker_global_alignment_detail.csv
output/03_model_biology/01_gtex/03_rf_true_labels/04_tissue_cellmarker_validation/cumulative25/cellmarker_global_alignment_final_pct.csv
output/03_model_biology/01_gtex/03_rf_true_labels/04_tissue_cellmarker_validation/cumulative25/cellmarker_global_alignment_per_lv_pct.csv
output/03_model_biology/01_gtex/03_rf_true_labels/04_tissue_cellmarker_validation/cumulative25/cellmarker_global_alignment_summary.csv
output/03_model_biology/01_gtex/03_rf_true_labels/04_tissue_cellmarker_validation/top1/cellmarker_global_alignment_detail.csv
output/03_model_biology/01_gtex/03_rf_true_labels/04_tissue_cellmarker_validation/top1/cellmarker_global_alignment_final_pct.csv
output/03_model_biology/01_gtex/03_rf_true_labels/04_tissue_cellmarker_validation/top1/cellmarker_global_alignment_summary.csv
output/03_model_biology/01_gtex/03_rf_true_labels/05_tissue_validation_multi_resource/c8_ora_per_lv.csv
output/03_model_biology/01_gtex/03_rf_true_labels/05_tissue_validation_multi_resource/c8_term_tissue_assignment.csv
output/03_model_biology/01_gtex/03_rf_true_labels/05_tissue_validation_multi_resource/cellmarker_lv_significant_pathways_cumulative25.csv
output/03_model_biology/01_gtex/03_rf_true_labels/05_tissue_validation_multi_resource/cellmarker_lv_significant_pathways_top1.csv
output/03_model_biology/01_gtex/03_rf_true_labels/05_tissue_validation_multi_resource/cellmarker_ora_per_lv.csv
output/03_model_biology/01_gtex/03_rf_true_labels/05_tissue_validation_multi_resource/cellmarker_term_tissue_assignment.csv
output/03_model_biology/01_gtex/03_rf_true_labels/05_tissue_validation_multi_resource/combined_final_summary.csv
output/03_model_biology/01_gtex/03_rf_true_labels/05_tissue_validation_multi_resource/combined_tissue_table_cumulative25.csv
output/03_model_biology/01_gtex/03_rf_true_labels/05_tissue_validation_multi_resource/combined_tissue_table_top1.csv
output/03_model_biology/01_gtex/03_rf_true_labels/05_tissue_validation_multi_resource/panglaodb_ora_per_lv.csv
output/03_model_biology/01_gtex/03_rf_true_labels/05_tissue_validation_multi_resource/panglaodb_term_tissue_assignment.csv

===== STATUS Thu Jun 25 10:52:11 MDT 2026 =====
runner_pid=3366595
runner=NOT_RUNNING
processes:
log_markers:
===== START nbs/03_model_biology/01_gtex/03_rf_true_labels/00_LV_importance_true_labels.ipynb Wed Jun 24 14:50:43 MDT 2026 =====
===== END nbs/03_model_biology/01_gtex/03_rf_true_labels/00_LV_importance_true_labels.ipynb status=0 Thu Jun 25 01:34:09 MDT 2026 =====
===== START nbs/03_model_biology/01_gtex/03_rf_true_labels/01_LV_importance_true_labels_biology.ipynb Thu Jun 25 01:34:09 MDT 2026 =====
===== END nbs/03_model_biology/01_gtex/03_rf_true_labels/01_LV_importance_true_labels_biology.ipynb status=0 Thu Jun 25 01:34:32 MDT 2026 =====
===== START nbs/03_model_biology/01_gtex/03_rf_true_labels/02_LV_importance_true_labels_tissue.ipynb Thu Jun 25 01:34:32 MDT 2026 =====
===== END nbs/03_model_biology/01_gtex/03_rf_true_labels/02_LV_importance_true_labels_tissue.ipynb status=0 Thu Jun 25 01:35:55 MDT 2026 =====
===== START nbs/03_model_biology/01_gtex/03_rf_true_labels/03_global_alignment.ipynb Thu Jun 25 01:35:55 MDT 2026 =====
===== END nbs/03_model_biology/01_gtex/03_rf_true_labels/03_global_alignment.ipynb status=0 Thu Jun 25 01:36:16 MDT 2026 =====
===== START nbs/03_model_biology/01_gtex/03_rf_true_labels/04_tissue_cellmarker_validation.ipynb Thu Jun 25 01:36:16 MDT 2026 =====
===== END nbs/03_model_biology/01_gtex/03_rf_true_labels/04_tissue_cellmarker_validation.ipynb status=0 Thu Jun 25 01:36:36 MDT 2026 =====
===== START nbs/03_model_biology/01_gtex/03_rf_true_labels/05_tissue_validation_multi_resource.ipynb Thu Jun 25 01:36:36 MDT 2026 =====
===== END nbs/03_model_biology/01_gtex/03_rf_true_labels/05_tissue_validation_multi_resource.ipynb status=0 Thu Jun 25 01:37:30 MDT 2026 =====
RUN_DONE Thu Jun 25 01:37:30 MDT 2026
output_counts:
34
output/03_model_biology/01_gtex/03_rf_true_labels/03_global_alignment/top1/gtex_global_alignment_summary.csv
output/03_model_biology/01_gtex/03_rf_true_labels/04_tissue_cellmarker_validation/cellmarker_ora_per_lv.csv
output/03_model_biology/01_gtex/03_rf_true_labels/04_tissue_cellmarker_validation/cumulative25/cellmarker_global_alignment_detail.csv
output/03_model_biology/01_gtex/03_rf_true_labels/04_tissue_cellmarker_validation/cumulative25/cellmarker_global_alignment_final_pct.csv
output/03_model_biology/01_gtex/03_rf_true_labels/04_tissue_cellmarker_validation/cumulative25/cellmarker_global_alignment_per_lv_pct.csv
output/03_model_biology/01_gtex/03_rf_true_labels/04_tissue_cellmarker_validation/cumulative25/cellmarker_global_alignment_summary.csv
output/03_model_biology/01_gtex/03_rf_true_labels/04_tissue_cellmarker_validation/top1/cellmarker_global_alignment_detail.csv
output/03_model_biology/01_gtex/03_rf_true_labels/04_tissue_cellmarker_validation/top1/cellmarker_global_alignment_final_pct.csv
output/03_model_biology/01_gtex/03_rf_true_labels/04_tissue_cellmarker_validation/top1/cellmarker_global_alignment_summary.csv
output/03_model_biology/01_gtex/03_rf_true_labels/05_tissue_validation_multi_resource/c8_ora_per_lv.csv
output/03_model_biology/01_gtex/03_rf_true_labels/05_tissue_validation_multi_resource/c8_term_tissue_assignment.csv
output/03_model_biology/01_gtex/03_rf_true_labels/05_tissue_validation_multi_resource/cellmarker_lv_significant_pathways_cumulative25.csv
output/03_model_biology/01_gtex/03_rf_true_labels/05_tissue_validation_multi_resource/cellmarker_lv_significant_pathways_top1.csv
output/03_model_biology/01_gtex/03_rf_true_labels/05_tissue_validation_multi_resource/cellmarker_ora_per_lv.csv
output/03_model_biology/01_gtex/03_rf_true_labels/05_tissue_validation_multi_resource/cellmarker_term_tissue_assignment.csv
output/03_model_biology/01_gtex/03_rf_true_labels/05_tissue_validation_multi_resource/combined_final_summary.csv
output/03_model_biology/01_gtex/03_rf_true_labels/05_tissue_validation_multi_resource/combined_tissue_table_cumulative25.csv
output/03_model_biology/01_gtex/03_rf_true_labels/05_tissue_validation_multi_resource/combined_tissue_table_top1.csv
output/03_model_biology/01_gtex/03_rf_true_labels/05_tissue_validation_multi_resource/panglaodb_ora_per_lv.csv
output/03_model_biology/01_gtex/03_rf_true_labels/05_tissue_validation_multi_resource/panglaodb_term_tissue_assignment.csv

===== STATUS Thu Jun 25 11:22:11 MDT 2026 =====
runner_pid=3366595
runner=NOT_RUNNING
processes:
log_markers:
===== START nbs/03_model_biology/01_gtex/03_rf_true_labels/00_LV_importance_true_labels.ipynb Wed Jun 24 14:50:43 MDT 2026 =====
===== END nbs/03_model_biology/01_gtex/03_rf_true_labels/00_LV_importance_true_labels.ipynb status=0 Thu Jun 25 01:34:09 MDT 2026 =====
===== START nbs/03_model_biology/01_gtex/03_rf_true_labels/01_LV_importance_true_labels_biology.ipynb Thu Jun 25 01:34:09 MDT 2026 =====
===== END nbs/03_model_biology/01_gtex/03_rf_true_labels/01_LV_importance_true_labels_biology.ipynb status=0 Thu Jun 25 01:34:32 MDT 2026 =====
===== START nbs/03_model_biology/01_gtex/03_rf_true_labels/02_LV_importance_true_labels_tissue.ipynb Thu Jun 25 01:34:32 MDT 2026 =====
===== END nbs/03_model_biology/01_gtex/03_rf_true_labels/02_LV_importance_true_labels_tissue.ipynb status=0 Thu Jun 25 01:35:55 MDT 2026 =====
===== START nbs/03_model_biology/01_gtex/03_rf_true_labels/03_global_alignment.ipynb Thu Jun 25 01:35:55 MDT 2026 =====
===== END nbs/03_model_biology/01_gtex/03_rf_true_labels/03_global_alignment.ipynb status=0 Thu Jun 25 01:36:16 MDT 2026 =====
===== START nbs/03_model_biology/01_gtex/03_rf_true_labels/04_tissue_cellmarker_validation.ipynb Thu Jun 25 01:36:16 MDT 2026 =====
===== END nbs/03_model_biology/01_gtex/03_rf_true_labels/04_tissue_cellmarker_validation.ipynb status=0 Thu Jun 25 01:36:36 MDT 2026 =====
===== START nbs/03_model_biology/01_gtex/03_rf_true_labels/05_tissue_validation_multi_resource.ipynb Thu Jun 25 01:36:36 MDT 2026 =====
===== END nbs/03_model_biology/01_gtex/03_rf_true_labels/05_tissue_validation_multi_resource.ipynb status=0 Thu Jun 25 01:37:30 MDT 2026 =====
RUN_DONE Thu Jun 25 01:37:30 MDT 2026
output_counts:
34
output/03_model_biology/01_gtex/03_rf_true_labels/03_global_alignment/top1/gtex_global_alignment_summary.csv
output/03_model_biology/01_gtex/03_rf_true_labels/04_tissue_cellmarker_validation/cellmarker_ora_per_lv.csv
output/03_model_biology/01_gtex/03_rf_true_labels/04_tissue_cellmarker_validation/cumulative25/cellmarker_global_alignment_detail.csv
output/03_model_biology/01_gtex/03_rf_true_labels/04_tissue_cellmarker_validation/cumulative25/cellmarker_global_alignment_final_pct.csv
output/03_model_biology/01_gtex/03_rf_true_labels/04_tissue_cellmarker_validation/cumulative25/cellmarker_global_alignment_per_lv_pct.csv
output/03_model_biology/01_gtex/03_rf_true_labels/04_tissue_cellmarker_validation/cumulative25/cellmarker_global_alignment_summary.csv
output/03_model_biology/01_gtex/03_rf_true_labels/04_tissue_cellmarker_validation/top1/cellmarker_global_alignment_detail.csv
output/03_model_biology/01_gtex/03_rf_true_labels/04_tissue_cellmarker_validation/top1/cellmarker_global_alignment_final_pct.csv
output/03_model_biology/01_gtex/03_rf_true_labels/04_tissue_cellmarker_validation/top1/cellmarker_global_alignment_summary.csv
output/03_model_biology/01_gtex/03_rf_true_labels/05_tissue_validation_multi_resource/c8_ora_per_lv.csv
output/03_model_biology/01_gtex/03_rf_true_labels/05_tissue_validation_multi_resource/c8_term_tissue_assignment.csv
output/03_model_biology/01_gtex/03_rf_true_labels/05_tissue_validation_multi_resource/cellmarker_lv_significant_pathways_cumulative25.csv
output/03_model_biology/01_gtex/03_rf_true_labels/05_tissue_validation_multi_resource/cellmarker_lv_significant_pathways_top1.csv
output/03_model_biology/01_gtex/03_rf_true_labels/05_tissue_validation_multi_resource/cellmarker_ora_per_lv.csv
output/03_model_biology/01_gtex/03_rf_true_labels/05_tissue_validation_multi_resource/cellmarker_term_tissue_assignment.csv
output/03_model_biology/01_gtex/03_rf_true_labels/05_tissue_validation_multi_resource/combined_final_summary.csv
output/03_model_biology/01_gtex/03_rf_true_labels/05_tissue_validation_multi_resource/combined_tissue_table_cumulative25.csv
output/03_model_biology/01_gtex/03_rf_true_labels/05_tissue_validation_multi_resource/combined_tissue_table_top1.csv
output/03_model_biology/01_gtex/03_rf_true_labels/05_tissue_validation_multi_resource/panglaodb_ora_per_lv.csv
output/03_model_biology/01_gtex/03_rf_true_labels/05_tissue_validation_multi_resource/panglaodb_term_tissue_assignment.csv

===== STATUS Thu Jun 25 11:52:11 MDT 2026 =====
runner_pid=3366595
runner=NOT_RUNNING
processes:
log_markers:
===== START nbs/03_model_biology/01_gtex/03_rf_true_labels/00_LV_importance_true_labels.ipynb Wed Jun 24 14:50:43 MDT 2026 =====
===== END nbs/03_model_biology/01_gtex/03_rf_true_labels/00_LV_importance_true_labels.ipynb status=0 Thu Jun 25 01:34:09 MDT 2026 =====
===== START nbs/03_model_biology/01_gtex/03_rf_true_labels/01_LV_importance_true_labels_biology.ipynb Thu Jun 25 01:34:09 MDT 2026 =====
===== END nbs/03_model_biology/01_gtex/03_rf_true_labels/01_LV_importance_true_labels_biology.ipynb status=0 Thu Jun 25 01:34:32 MDT 2026 =====
===== START nbs/03_model_biology/01_gtex/03_rf_true_labels/02_LV_importance_true_labels_tissue.ipynb Thu Jun 25 01:34:32 MDT 2026 =====
===== END nbs/03_model_biology/01_gtex/03_rf_true_labels/02_LV_importance_true_labels_tissue.ipynb status=0 Thu Jun 25 01:35:55 MDT 2026 =====
===== START nbs/03_model_biology/01_gtex/03_rf_true_labels/03_global_alignment.ipynb Thu Jun 25 01:35:55 MDT 2026 =====
===== END nbs/03_model_biology/01_gtex/03_rf_true_labels/03_global_alignment.ipynb status=0 Thu Jun 25 01:36:16 MDT 2026 =====
===== START nbs/03_model_biology/01_gtex/03_rf_true_labels/04_tissue_cellmarker_validation.ipynb Thu Jun 25 01:36:16 MDT 2026 =====
===== END nbs/03_model_biology/01_gtex/03_rf_true_labels/04_tissue_cellmarker_validation.ipynb status=0 Thu Jun 25 01:36:36 MDT 2026 =====
===== START nbs/03_model_biology/01_gtex/03_rf_true_labels/05_tissue_validation_multi_resource.ipynb Thu Jun 25 01:36:36 MDT 2026 =====
===== END nbs/03_model_biology/01_gtex/03_rf_true_labels/05_tissue_validation_multi_resource.ipynb status=0 Thu Jun 25 01:37:30 MDT 2026 =====
RUN_DONE Thu Jun 25 01:37:30 MDT 2026
output_counts:
34
output/03_model_biology/01_gtex/03_rf_true_labels/03_global_alignment/top1/gtex_global_alignment_summary.csv
output/03_model_biology/01_gtex/03_rf_true_labels/04_tissue_cellmarker_validation/cellmarker_ora_per_lv.csv
output/03_model_biology/01_gtex/03_rf_true_labels/04_tissue_cellmarker_validation/cumulative25/cellmarker_global_alignment_detail.csv
output/03_model_biology/01_gtex/03_rf_true_labels/04_tissue_cellmarker_validation/cumulative25/cellmarker_global_alignment_final_pct.csv
output/03_model_biology/01_gtex/03_rf_true_labels/04_tissue_cellmarker_validation/cumulative25/cellmarker_global_alignment_per_lv_pct.csv
output/03_model_biology/01_gtex/03_rf_true_labels/04_tissue_cellmarker_validation/cumulative25/cellmarker_global_alignment_summary.csv
output/03_model_biology/01_gtex/03_rf_true_labels/04_tissue_cellmarker_validation/top1/cellmarker_global_alignment_detail.csv
output/03_model_biology/01_gtex/03_rf_true_labels/04_tissue_cellmarker_validation/top1/cellmarker_global_alignment_final_pct.csv
output/03_model_biology/01_gtex/03_rf_true_labels/04_tissue_cellmarker_validation/top1/cellmarker_global_alignment_summary.csv
output/03_model_biology/01_gtex/03_rf_true_labels/05_tissue_validation_multi_resource/c8_ora_per_lv.csv
output/03_model_biology/01_gtex/03_rf_true_labels/05_tissue_validation_multi_resource/c8_term_tissue_assignment.csv
output/03_model_biology/01_gtex/03_rf_true_labels/05_tissue_validation_multi_resource/cellmarker_lv_significant_pathways_cumulative25.csv
output/03_model_biology/01_gtex/03_rf_true_labels/05_tissue_validation_multi_resource/cellmarker_lv_significant_pathways_top1.csv
output/03_model_biology/01_gtex/03_rf_true_labels/05_tissue_validation_multi_resource/cellmarker_ora_per_lv.csv
output/03_model_biology/01_gtex/03_rf_true_labels/05_tissue_validation_multi_resource/cellmarker_term_tissue_assignment.csv
output/03_model_biology/01_gtex/03_rf_true_labels/05_tissue_validation_multi_resource/combined_final_summary.csv
output/03_model_biology/01_gtex/03_rf_true_labels/05_tissue_validation_multi_resource/combined_tissue_table_cumulative25.csv
output/03_model_biology/01_gtex/03_rf_true_labels/05_tissue_validation_multi_resource/combined_tissue_table_top1.csv
output/03_model_biology/01_gtex/03_rf_true_labels/05_tissue_validation_multi_resource/panglaodb_ora_per_lv.csv
output/03_model_biology/01_gtex/03_rf_true_labels/05_tissue_validation_multi_resource/panglaodb_term_tissue_assignment.csv

